2083.3,-367.43,529.8,98.511,-390.8,31.857
2064.1,-297.66,546.62,115.79,-248.93,139.51
2026.9,-361.6,499.04,61.157,-273.7,59.582
1770.2,-307.31,467.21,108.59,-272.43,49.206
1888.3,-388.35,480.92,66.225,-265.73,103.8
1910.9,-305.09,468.8,102.35,-303.12,69.484
1776.8,-384.79,514.16,59.892,-184.54,101.24
1874.4,-167.84,492.7,162.68,-284.91,151.55
2180,-381.13,501.97,155.78,-343.3,95.838
2126.6,-336.57,521.38,129.44,-260.64,54.184
1700,-344.65,450.9,-6.1968,-280.57,64.478
1962.7,-204.1,513.77,126.24,-339.1,109.06
1709,-426.34,436.33,92.521,-271.28,25.701
1769.5,-335.73,465.73,217.9,-336.45,107.99
1893.8,-312.81,493.87,129.79,-246.8,35.463
1557.1,-197.1,390.98,110.59,-252.88,91.009
2042.1,-413.93,489.3,133.55,-255.02,54.544
2436.2,-386.12,504.1,106.55,-241.63,57.88
2053.6,-423.63,469.35,86.457,-301.41,47.064
2195.5,-344.89,488.62,182.1,-303.11,116.3
1744.9,-326.09,462.4,32.912,-305.19,51.777
2111.5,-365.1,527.13,89.9,-326.85,87.955
1949.4,-326.41,513.71,96.455,-362.95,41.462
2351.6,-370.4,500.83,121.45,-317.31,117.45
1823.9,-380.76,417.11,52.569,-333.47,60.047
2144.3,-312.23,507.13,92.363,-349.07,53.684
1764.8,-230.18,528.85,97.889,-255.59,109.44
2122.1,-395.86,465.5,125.26,-237.53,68.65
1790.1,-421.96,467.01,33.664,-341.49,81.192
2194.1,-439.15,493.31,10.355,-312.51,129.86
1930.6,-390.48,459.21,45.921,-316.63,85.039
1887,-191.2,488.53,90.508,-294.18,93.457
1840.3,-289.69,466.98,93.558,-323.71,62.205
1716.7,-129.91,441.28,165.54,-281.9,101.59
1976.4,-292.67,523.48,173.74,-368.98,108.58
2098.4,-482.07,410.82,16.387,-414.14,85.783
2165.6,-358.91,490.11,119.12,-249.87,103.51
2178.2,-347.76,574.71,79.436,-292.07,147.52
2063.2,-314.32,528.78,123.94,-352.28,45.983
1910.4,-257.16,415.06,126.26,-374.79,83.894
1830.3,-366.91,472.79,65.727,-274.89,55.388
1908.7,-357.23,503.42,177.5,-213.21,94.699
1884.1,-307.64,541.56,71.543,-277.49,122.84
1765.1,-308.17,559.33,24.003,-299.47,113.07
2125.5,-456.98,551.78,76.802,-240.1,130.71
2313.7,-555.06,471.79,77.732,-331.42,49.438
1806.9,-298.29,529.23,80.069,-299.29,139.06
2140.6,-290.06,488.09,79.959,-352.04,52.16
1738.1,-379.14,403.82,112.95,-249.67,39.661
1925.4,-376.53,449.76,60.103,-265.69,82.914
1964.9,-255.97,475.82,98.991,-310.19,59.711
2078.6,-461.43,561.99,60.685,-213.02,141.16
1990.3,-333.24,517.14,120.02,-292.83,103.08
2001.9,-367.22,476.09,80.887,-315.13,97.751
2234.3,-578.25,437.27,93.166,-338.16,64.664
1983.9,-430.75,478.5,256.79,-297.01,95.607
1997.8,-292.19,525.5,96.708,-289.03,93.105
1790.6,-327.08,498.59,102.7,-219.34,71.103
1803.8,-404.52,476.45,172.05,-351.18,102.73
1830.9,-169.24,471.89,125.33,-279.26,116.39
1914.1,-334.27,527.37,67.224,-289.41,109.83
1813.6,-352.46,415.68,91.425,-293.79,62.708
1992.5,-384.85,452.11,153.56,-298.27,91.1
1926.4,-196.26,441.78,108.8,-290.77,42.078
1784.1,-334.32,568.26,81.725,-241.32,132.94
2059.9,-321.63,501.49,121.51,-350.6,102.5
2072.7,-247.6,405.96,112.72,-357.29,102.07
1922.1,-262.74,586.57,85.975,-300.95,109.22
1820,-388.24,504.76,15.753,-312.46,72.569
1914.7,-376.68,502.11,101.75,-298.72,139.52
1860.4,-293.11,463.35,126.61,-303.27,42.094
1989.6,-311.74,481.43,93.593,-288.95,94.345
1902.5,-276.69,500.11,29.853,-277.78,99.584
1923.2,-432.1,405.95,66.383,-299.16,121.01
1667.1,-274.67,466.8,88.665,-248.88,70.055
1636.7,-253.31,442.38,49.379,-305.21,107.76
1808.9,-400.14,434.36,81.645,-239.58,81.864
2234.4,-445.65,467.05,86.752,-356.73,31.921
1802.3,-272.5,422.04,68.072,-298.83,94.876
1971.9,-301.94,440.02,135.42,-374.93,69.126
1886.6,-247.76,545.49,146.93,-270.8,176.48
2057.9,-384.09,474.13,46.204,-345.28,64.508
1875.9,-307.71,503.29,66.207,-271.08,99.835
2173.7,-441.14,523.51,92.204,-310.49,104.38
1668.5,-224.34,465.3,9.6143,-298.52,71.765
1988,-396.16,430.63,144.16,-329.89,80.081
1986.3,-396.64,506.97,28.035,-352.77,86.392
2239.9,-389.58,462.16,86.583,-319.3,63.397
2013.4,-488.09,520.06,51.203,-297.17,98.383
1838.1,-282.87,413.36,42.517,-285.99,21.694
1804.5,-287.91,498.27,73.261,-301.67,97.765
1638.5,-312.95,458.97,9.6822,-259.76,94.244
2545.7,-307.77,503.32,171.67,-252.16,160.21
1842.6,-377.31,492.35,172.43,-255.01,41.008
1968.3,-390.62,484.54,74.007,-374.22,65.57
2089.1,-308.42,502.27,86.163,-221.29,122.64
1871.5,-451.7,478.28,75.336,-340.07,81.354
1885.1,-324.43,513.2,140.06,-255.92,53.051
2079.6,-388,438.28,130.7,-359.59,98.118
1748.3,-348.1,572.17,59.414,-303.02,147.92
1711.6,-421.13,467.87,114.53,-282.45,91.642
2069.8,-357.9,596.21,145.86,-303.9,116.32
1793.4,-427.63,474.66,143.51,-364.18,159.08
1834.2,-278.05,390.77,98.702,-412.32,91.018
2274.5,-371.39,520.68,86.53,-262.78,84.115
1831.6,-238.27,575.22,132.72,-276.02,84.637
1762.4,-206.16,496.19,82.244,-333.37,146.64
2304.3,-407.19,450.3,97.811,-326.87,47.953
1823.8,-262.72,500.24,74.331,-282.73,119.16
2126.3,-234.87,492.92,153.31,-316.02,178.12
2129.6,-277.95,576.31,208.04,-309.8,155.79
1889.6,-301.8,480.46,87.638,-337.85,73.016
2015.1,-309.08,485.5,64.736,-317.99,63.334
1828.5,-392.9,422.04,63.768,-227.36,118.3
1849.7,-169.17,494.74,67.663,-270.18,98.447
1898,-313.81,470.18,130.87,-283.02,137.58
2039.7,-448.98,564.07,59.647,-258.22,46.424
2065.6,-297.15,458.89,116.69,-317.64,81.699
2123,-424.64,506.74,121.69,-298.71,96.593
1949.8,-302.01,463.47,150.51,-350.44,56.219
2261,-359.85,527.17,98.573,-366.31,56.984
1959.7,-438.36,534.41,32.898,-260.39,54.877
1813.9,-325.54,506.9,115.2,-314.65,65.74
1806.2,-326.58,473.26,123.82,-301.62,67.047
1758.6,-337.26,542.55,115.45,-286.74,72.244
1799.9,-272.7,472.46,80.988,-287.85,92.08
2161,-433.65,509.12,121.4,-327.45,111.67
1782.2,-260.88,453.11,49.024,-342.74,115.39
2090.3,-358.31,459.65,161.58,-332.74,105.87
2120.9,-392.56,415.76,78.438,-386.45,119.18
1683.8,-317.59,521.35,102.82,-275.44,145.64
1832.9,-293.14,554.78,121.38,-321.04,161.51
1907.2,-426.2,398.73,35.879,-317.84,60.146
2077.6,-413.15,445.92,83.408,-349.1,36.162
1783.7,-307.55,497.85,69.645,-315.67,87.541
2053.7,-274.9,512.8,126.68,-343.57,165.73
1730.7,-299.44,528.26,73.635,-281.85,119.71
2051.7,-370.53,475.43,77.336,-327.83,64.149
1996,-290.95,463.7,87.215,-330.07,113.66
1913.9,-299.63,542.87,113.98,-299.43,70.607
2040.4,-382.4,396.23,205.77,-252.48,11.765
2024,-270.27,498.94,127.49,-251.75,120.48
1843.2,-358.72,534.72,97.579,-244.63,112.91
2165.4,-265.08,479.15,172.85,-328.98,63.978
1766.8,-376.03,477.29,88.264,-331.94,40.237
1747,-263.23,523.94,45.329,-302.47,92.47
2038.3,-365.57,478.27,94.278,-290.98,117.88
2062.6,-227.65,561.97,118.02,-338.88,106.74
1899.7,-345.46,484.75,68.186,-290.34,90.35
2012.5,-334.59,612.64,136.34,-268.38,127.07
1854.1,-365.93,527.2,168.17,-224.4,180.06
1918.7,-333.66,458.98,86.247,-322.39,47.139
2244.8,-395.93,488.81,95.458,-352.34,50.992
2012,-330.43,541.71,232.47,-316.26,129.62
2039.7,-418.52,527.25,141.24,-286.35,114.37
2008.6,-403.32,431.58,100.16,-343.8,76.21
2315.6,-508.45,493.33,205.07,-263.27,52.975
1790.3,-256.42,441.94,79.901,-296.89,60.676
2219,-495.18,413.64,94.942,-315.07,66.484
1999.4,-513.27,463.47,36.827,-279.47,69.422
1871.4,-300.12,451.25,55.88,-305.64,109.94
1951.5,-233.54,568.37,111.96,-336.92,147.84
1880.8,-388.95,528.63,87.527,-275.03,146.45
1872.3,-302.43,504.74,54.047,-182.99,119.17
1913.5,-376.68,489.87,90.076,-300.3,62.088
1992.6,-468.63,378.46,21.744,-321.14,85.04
1702.1,-185.96,545.84,80.282,-280.2,145.02
1805.4,-276.88,412.62,29.093,-316.87,55.053
1883.9,-328.97,494.25,31.807,-275.39,89.68
1883,-307.28,525.09,40.916,-356.28,127.64
1911.6,-221.37,382.91,75.252,-266.84,54.974
1869,-403.99,515.07,-1.8716,-325.85,72.865
2070.2,-413.17,497.38,-2.68,-275.73,118.14
1717.8,-240.93,484.92,95.476,-275.61,64.693
1958.6,-292.87,568.74,169.71,-234.52,134.85
2110.9,-388.38,493.8,22.839,-299.15,92.347
2098.1,-369.44,466.94,112.25,-234.53,-21.889
1874,-387.27,419.65,76.929,-197.22,141.97
1941.4,-292.27,480.74,60.718,-341.79,129.92
1982.9,-406.01,459.58,87.291,-320.5,65.537
2209.8,-370.91,539.74,180.94,-241.55,97.289
2129.5,-454.6,429,32.14,-327.61,67.092
2083.5,-342.49,478.07,123.04,-342.61,44.889
1746.9,-277.85,440.44,26.109,-308.9,109.92
2114.2,-397.2,497.55,139.44,-381.23,114.55
1805.7,-247.16,503.11,206.71,-344.38,84.242
2161.6,-484,566.74,105.39,-383.24,181.48
1954.5,-257.32,521.41,182.54,-397.74,81.561
1744.5,-256.86,428.7,31.793,-251.07,40.663
1880.1,-291.01,460.79,95.206,-307.97,72.622
2016.7,-316.44,478.6,81.378,-359.24,50.36
2013.2,-352.93,545.26,20.979,-246.02,106.35
1855.2,-373.28,479.9,55.675,-219.78,60.73
2051.3,-347.97,464.66,90.661,-336.07,54.77
2144,-336.45,493.52,134.96,-289.5,42.262
2017.6,-397.83,455.24,95.797,-391.6,54.586
2273.6,-341.5,524.29,136.7,-312.28,132.81
1916.3,-371.93,492.79,152.38,-330.94,115.29
1696.4,-173.62,485.01,102.43,-298.2,124.12
2014.8,-408.61,472.24,41.647,-287.23,78.748
2046.2,-323.91,579.27,58.204,-298.22,67.169
1906.6,-332.95,438.14,55.544,-321.02,64.129
1714,-367.09,482.55,39.173,-247.01,64.394
1875.6,-356.27,504.14,33.479,-277.04,109.12
2023.6,-301.27,438.49,109.64,-373.34,59.701
1745.9,-220.8,489.13,181.96,-312.76,8.8213
1828.6,-193.11,507.94,154.65,-265.38,49.924
1781.5,-375.99,496.6,49.754,-249.15,75.458
1942.5,-344.59,548.41,142.43,-304.05,96.002
2238,-422.98,450.69,65.777,-305.96,117.24
1788,-367.3,484.48,29.49,-271.78,60.629
1754.1,-294.56,402.22,61.343,-309.3,143.98
2021.8,-408.05,486.57,165.33,-264.74,100.4
1805.6,-234.1,436.28,68.539,-316.07,80.983
1830.1,-348.78,509.44,76.812,-277.58,65.209
1667.3,-247.76,443.38,100.67,-280.92,35.815
2037.6,-267.06,514.21,85.783,-251.91,131.51
1950.5,-384.89,481.57,133.81,-310.39,66.177
2073.6,-370.78,464.85,151.87,-277.41,-6.478
2056.8,-289.45,485.05,118.45,-309.71,60.481
1970.1,-340.52,530.02,225.57,-345.19,100.83
1847.3,-397.18,550.36,20.531,-309.57,154.23
2067.4,-330.2,531.54,71.312,-239.71,120.51
1792.9,-294.2,445.84,88.086,-338.54,42.789
1740.1,-235.22,368.48,14.404,-325.21,53.111
1715.4,-384.91,443.03,76.291,-241.1,59.55
1876.2,-317.92,434.47,157.82,-330.87,70.934
1836.7,-313.35,511.62,66.418,-259.77,55.304
2073.6,-334.55,518.51,119.92,-264.37,50.931
1766.9,-267.08,486.74,43.737,-292.67,65.133
1969.2,-330.25,443.53,152.15,-269.52,14.218
2062.3,-378.4,485.97,108.03,-334.72,75.349
1811.6,-291.39,407.17,40.754,-294.02,101.52
2214.5,-378.63,535.16,131.51,-279.13,134.15
2055.7,-397.76,500.36,81.742,-316.97,94.519
1808.4,-397.7,488.93,105.69,-295.62,62.579
1986.6,-360.24,540.88,82.282,-267.12,83.733
1867.8,-286.81,450.17,56.893,-335.83,88.925
1823.1,-337.29,506.87,180.58,-360.17,129.91
1778.6,-335.42,445.45,64.763,-257.33,31.627
1832,-217.96,513.27,74.117,-293.97,177.58
2082,-236,501.26,130.49,-322.26,93.503
1961.9,-425.4,517.1,80.528,-352.64,108.7
1815.5,-284.46,558.79,58.216,-321.01,97.951
2599.1,-608.46,617.35,213.69,-239.69,196.92
2220.8,-433.76,533.63,93.901,-375.24,106.19
1872.6,-243.07,419.35,58.049,-323.52,79.601
1973.1,-411.18,489.51,63.985,-297.36,99.127
2002,-424.6,419.12,150.45,-334.21,71.343
1961.4,-262.26,491.17,79.215,-281.51,136.44
1996.5,-352.09,487.26,82.416,-275.9,68.13
2130.3,-410.48,464.39,175.38,-290.5,76.331
1794.9,-257.26,444.36,71.525,-254.41,70.484
1862.6,-364.86,435,105.35,-335.1,53.304
2250.3,-348.85,491.02,142.49,-275.58,78.031
2193.2,-412.34,482.49,71.48,-291.37,101.3
1621.7,-312,461.05,96.993,-199.74,62.223
1762,-278.04,513.89,16.997,-423.33,123.39
1718.1,-268.71,509.9,62.199,-297.51,101.45
2006.7,-307.73,535.28,108.74,-311.57,78.503
2236.2,-289.13,495.19,132.98,-332.94,112.85
1888.7,-279.95,489.47,162.71,-277.47,95.599
1716.1,-256.78,477.97,116.71,-359.04,73.349
1974.9,-343.77,530.24,95.869,-286.57,74.204
1898.2,-302.58,498.22,160.69,-278.73,67.397
2125.4,-345.55,512.06,95.49,-306.31,93.965
1857.6,-372.4,437.26,49.134,-217.21,75.909
1914.4,-294.53,497.24,165.47,-365.11,90.924
2042.9,-316.32,509.26,62.411,-298.52,97.052
1994.8,-263.87,520.89,129.3,-288.54,99.48
1983.7,-263.92,430.26,159.84,-327.43,92.161
1729.2,-265.3,509.54,126.15,-269.97,149.76
1966.1,-349.71,411.6,80.808,-386.33,69.472
2096,-389.58,444.41,66.625,-308.51,108.27
2081.5,-260.3,435.24,96.772,-303.81,88.964
2462.9,-347.82,528.07,49.062,-302.42,111.38
1776.1,-233.21,561.38,113.38,-319.37,79.378
1991.4,-338.66,475.86,132.64,-333.7,105.52
1881.5,-317.15,397.55,91.189,-303.83,101.86
1772.2,-557.6,429.96,190.3,-269.48,66.37
2038.2,-370.44,417.47,139.11,-341.04,126.54
1750.4,-332.61,474.79,123.35,-193.22,157.66
1840.4,-291.92,443.69,49.18,-263.17,63.79
1788.3,-198.5,540.05,89.838,-250.18,61.027
1886.8,-401.79,448.35,267.36,-369.36,38.697
1903.4,-364.99,481.28,27.698,-331.85,88.19
1906.8,-271.34,546.14,145.54,-221.1,136.11
2192.8,-411.18,540.34,54.765,-344.66,73.043
1889,-382.1,445.52,61.728,-288.16,11.6
1856.8,-261.79,487.19,70.79,-317.21,125.9
2071.2,-365.69,524.59,114.03,-300.08,86.957
2198.6,-450.36,531.96,124.15,-287.2,143.12
1970.2,-342.82,567.78,186.61,-243.97,116.04
1889.2,-397.42,443.12,39.428,-369.61,43.283
1898.6,-400.75,498.48,49.112,-258.02,96.976
2173.4,-407.93,489.52,137.24,-293.24,28.838
2091.7,-215.52,457.86,118.13,-330.9,142.25
1992.1,-177.05,497,181.03,-300.87,74.915
2361.1,-286.25,507.05,57.159,-396.21,114.85
1990.1,-232.08,512.93,79.85,-249.69,217.16
1786.2,-303.16,463.51,87.699,-344.59,63.755
1770.3,-315.89,511.73,84.51,-287.47,111.45
1968.2,-420.21,537.82,41.621,-346.18,206.99
1891.7,-361.11,490.85,45.067,-317.15,62.043
2101.5,-348.97,558.66,133.77,-313.67,174.08
1866.8,-362.48,492.27,111.49,-318.91,89.757
2079,-371,508.27,119.73,-352.63,127.86
2252,-392.15,516.5,126.75,-277.15,118.78
2156.6,-366.32,560.77,182.15,-297,80.134
1809,-450.16,451.15,143.04,-277.01,-9.3066
2027.7,-289.5,502.49,156.52,-328.74,98.17
2082.2,-405.82,512.86,140.88,-223.02,124.61
1723.1,-249.74,461.79,76.797,-343.09,99.067
1948.4,-367.16,441.25,74.821,-403.74,57.886
1917.3,-286.65,535.5,39.462,-267.19,112.07
2011.5,-204.53,489.63,160.77,-272.24,120.54
1940.3,-346.14,594.34,125.68,-279.21,154.65
1880.4,-310.12,463.51,108.77,-236.44,93.417
1837.9,-309.52,456.17,136.39,-264.34,122.54
1975.9,-308.61,496.61,105.33,-314.01,102.93
1721.9,-371.99,461.79,72.821,-279.47,72.637
2238.8,-442.46,473.52,81.003,-329.64,54.525
1896.3,-325.04,508.25,145.03,-290.19,103.46
2298.7,-387.99,496.59,128.28,-286.98,97.129
1708.5,-294.1,515.39,33.4,-296.96,138.66
1845.8,-252.14,465.58,168.22,-268.09,114.16
1902.8,-260.82,483.29,55.963,-306.7,76.7
1487.3,-310.1,394.38,151.13,-267.71,81.866
1981.7,-284.44,460.41,158.43,-358.59,103.73
2234.6,-377.84,475.76,79.551,-346.65,81.021
2066.8,-345.3,509.13,168.93,-436.91,142.46
2049.9,-359.43,466.46,153.6,-329.11,99.813
1813.5,-327.09,424.17,46.518,-345.36,59.737
1659,-452.7,376.8,110.92,-263.34,26.187
2325.8,-390.13,538.41,131.59,-344.67,67.683
1578.2,-277.64,451.14,14.249,-248.98,69.494
1916.3,-273.71,566.26,116.5,-268.25,142.83
1726.6,-293.88,412.1,63.396,-301.4,46.588
1680.5,-182.36,390.41,88.504,-310.76,42.729
1767.6,-258.01,449.1,78.086,-291.4,53.669
1993,-282.76,549.41,120.71,-300.13,141.84
1725.2,-197.47,515.45,102.98,-282.35,110.13
1766.6,-289.27,512,184.31,-302.64,186.39
1726.7,-260.98,491.44,90.428,-264.75,141.51
2085.1,-355.83,445,94.561,-326.44,58.597
1976.3,-262.89,487.17,78.378,-383.09,91.53
1828.8,-369.82,479.72,100.17,-355.34,103.49
1796.5,-307.4,413.6,79.896,-247.84,75.068
2146.3,-496,454.53,122.44,-348.83,71.395
1929.1,-252.05,489.3,76.245,-318.29,91.105
1866.5,-445.21,494.46,24.506,-348.97,36.273
1930.6,-359.6,469.93,90.111,-261.4,65.802
1748.8,-257.55,485.98,104.98,-288.94,131.18
2053.7,-343.77,501.18,61.231,-326.45,71.642
2139.7,-366.43,499.46,149.05,-306.77,102.12
2049.8,-360.75,468.03,65.502,-369.97,100.69
1936.7,-346.55,474.22,95.186,-306.06,123.14
2045.1,-271.2,472.64,87.878,-270.16,92.01
1825.4,-357.46,499.12,68.876,-318.83,88.848
1868.7,-352.19,464.64,93.613,-279.03,54.285
2073.1,-376.5,489.27,151.78,-283.42,67.82
1899.9,-385.04,455.73,18.89,-351.23,79.638
1957,-325.89,498.89,98.089,-336.49,140.39
1811.8,-291.58,421.52,88.361,-313.06,60.165
1931,-260.72,532.07,104.2,-271.37,97.132
2152.2,-415.17,575.56,88.125,-302.19,109.81
2012.4,-317.72,439.27,134.01,-341.58,92.26
1667.8,-331.55,527.63,91.54,-232.58,127.73
2071,-320.51,532.64,114.76,-303.96,61.913
1732.1,-260.52,492.62,147.44,-296.85,76.661
1771.9,-172.18,531.08,179.8,-355.81,110.24
1819.6,-247.75,456.85,50.173,-282.13,109.27
2124.4,-330.21,494.75,126.08,-366.33,113.22
1802.3,-297.63,467.8,80.59,-300.37,66.97
1940.3,-309.49,486.12,111.1,-270.66,76.499
1930.8,-346.59,496.46,27.298,-312.77,78.011
1743.6,-329.61,513.77,189.47,-345.55,105.17
1880.5,-243.5,545.9,86.484,-347.96,107.07
1954.6,-307.53,497.71,107.4,-339.73,55.554
2223.1,-231.36,566.49,176.12,-270.03,116.73
1845.8,-391.7,424.14,149.79,-358.11,73.31
1681.5,-405.89,470.43,88.958,-280.82,86.032
2179.4,-603.17,500.35,80.709,-310.08,64.191
1651,-390.44,438.31,96.727,-189.76,23.09
1877.5,-342.28,490.92,135.27,-323.9,100.38
2281.1,-415.7,480.98,123.23,-390.87,73.666
1921,-481.4,410.9,117.23,-299.78,32.688
2166.1,-403.98,464.7,158.04,-324.91,52.625
1880.4,-250.54,513.46,142.44,-307.13,73.851
1990.6,-317.89,488.14,117.38,-342.18,106.86
2087.3,-267.02,508.18,217.18,-257.01,83.283
1736,-108.42,442.91,83.748,-308.48,92.935
2133.3,-347.25,508.16,151.74,-366.96,142.3
1964.3,-376.32,460.89,139.52,-330.41,73.949
1861.4,-326.17,479.34,33.373,-264.76,79.653
1763.4,-183.85,487.57,83.103,-303.71,87.467
1922.8,-353.52,474.36,80.632,-351.51,43.025
1862,-207.5,378.71,63.177,-321.14,17.025
1948.9,-361.02,457.51,54.548,-306.91,-16.562
1889.1,-295.4,478.28,2.2245,-339.01,47.105
1757.1,-253.34,464.6,79.46,-298.96,116.11
1969.4,-278.91,434.48,116.45,-401.29,57.237
1914.4,-381.33,408.59,128.11,-428.04,16.075
2022.3,-347.46,382.52,105.01,-357.08,-34.553
1989.7,-264.29,428.51,47.644,-393.71,35.585
1981.3,-332.17,313.45,85.861,-334.85,70.726
1945.8,-373.6,470.11,93.283,-364.12,92.378
1800,-329.08,427.09,10.869,-285.93,44.195
1580.9,-280.42,395.6,75.816,-309.76,23.102
1959.2,-385.94,404.44,96.022,-326.72,65.68
2013,-285.05,524.82,100.85,-320.23,94.364
1920.9,-177.21,478.65,195.71,-319.16,105.62
2158.9,-406.62,453.71,101.65,-318.54,63.529
1972.9,-272.68,437.81,95.565,-349.82,-0.76634
1757.6,-69.046,530.26,157.3,-327.42,117.82
2110.8,-383.14,448.39,151.5,-383.98,50.051
2030.4,-243.15,421.5,162.82,-403.4,105.3
1926.7,-437.42,514.29,71.447,-378.65,88.335
1945.8,-135.72,409.16,185.52,-384.85,55.886
1701.2,-267.37,377.99,3.9052,-332.34,38.5
1835.4,-250.34,477.37,131.33,-304.6,39.545
2089.6,-423.4,515.3,114.47,-424.4,23.182
2007.9,-452.51,457.74,154.35,-283.64,32.147
1896.1,-299.61,459.38,140.84,-290.43,98.459
2092.9,-239.46,449.75,70.609,-360.8,167.01
2056.6,-502.58,491.99,81.686,-380.19,51.039
2597.7,-371.74,439.38,230.79,-358.68,80.294
1896.7,-328.82,464.97,164.01,-381.54,80.628
1964.7,-346.39,463.77,55.532,-328.77,55.48
1867.4,-340.17,338.74,54.622,-371.63,-0.83395
1665.2,-319.35,465.17,11.878,-332.88,78.007
2005.1,-282.05,497.05,21.2,-310.33,56.494
2096.8,-512.73,487.09,175.53,-378.1,51.024
1788.7,-260.03,513.95,96.639,-347.44,119.57
2077.6,-404.83,495.11,93.04,-382.64,64.243
1694.4,-184.11,444.67,66.802,-260.32,51.79
1943.8,-252.58,525.08,70.485,-315.11,116.15
2016.2,-267.44,476.6,57.324,-266.27,77.885
1968.3,-430.71,418.04,63.922,-325.85,81.879
1893.3,-307.94,502.82,12.611,-371.18,102.96
1985.2,-414.31,452.81,61.46,-293.05,-9.1139
1744.9,-333.48,384.67,178.8,-298.08,105.25
2000.1,-426.3,469.73,148.78,-236.54,30.63
1900.5,-308.68,372.43,177.5,-354.98,42.007
2224.3,-470.59,490.68,109.8,-409.76,-21.225
2028.8,-326.79,384.4,38.734,-301.56,75.764
1910.2,-313,435.43,38.802,-293.27,51.346
1861.5,-314.19,433.24,16.159,-293.05,77.72
2018.8,-414.77,520.29,42.281,-312,81.553
1652.9,-409.51,482.35,99.47,-257.27,77.233
1976.1,-397.71,326.81,68.43,-366.76,-1.2142
1974.8,-267.51,415.75,230.49,-302.52,58.603
2204,-453.65,425.15,85.618,-403.88,46.984
2204.2,-353.17,402.42,175.66,-273.26,71.982
2221.8,-391.67,388.11,108.83,-410.67,27.246
1877.3,-314.95,434.19,122.07,-352.42,113.93
1662.2,-344.4,468.29,38.49,-298.32,95.858
2023.7,-393.77,423.26,96.046,-363.28,27.799
2042.2,-213.65,405.6,188.62,-427.74,87.833
1905.5,-279.7,476.38,54.824,-276.57,70.873
2039.5,-266.86,515.23,48.823,-361.07,94.312
1717.1,-283.03,491.13,56.347,-290.74,77.822
1953.3,-416.42,396.97,142.05,-384.97,27.185
1845,-366.24,472.86,96.151,-318.03,28.626
2123.2,-495.14,575.96,169.09,-236.83,59.51
1885,-273.17,444.9,59.848,-333.98,65.755
1923.1,-341.64,456.29,81.489,-244,96.256
1859.6,-343.19,471.8,154.82,-266.55,65.186
1898.7,-412.82,405.17,-15.113,-352.14,-5.2809
1919.8,-306.95,470.91,91.903,-318.43,52.501
2240.8,-224.47,471.82,92.506,-330.71,107.11
1821.8,-247,482.89,11.931,-336.67,115.08
2036.1,-352.14,490.22,143.23,-347.73,125.32
2214.8,-427.12,483.04,230.47,-383.48,9.0806
1888.1,-301.17,427.42,37.15,-305.39,45.709
1684.7,-148.36,450.95,52.25,-276.78,99.38
1908.2,-311.17,459.49,134.55,-308.19,145.62
1964,-271.13,483.62,24.339,-286.46,75.54
2079.4,-346.49,511.82,184.53,-371.44,115.64
1687.1,-282.9,381.68,159.2,-387.86,95.234
1981,-334.26,438.19,47.135,-301.4,35.192
1809.5,-239.06,498.86,126.87,-311.69,80.191
2148.5,-404.1,397.71,96.595,-346.33,62.078
1967.4,-393.62,433.67,122.17,-356.55,-4.9641
2030.2,-435.79,443,81.477,-350.22,90.46
1878.7,-314.35,458.85,51.626,-316.2,78.037
1850.5,-263.82,539.89,150.54,-342.35,58.602
1917,-373.84,375.59,57.841,-376.95,-8.3029
1916.4,-334.12,518.47,104.02,-307.45,99.591
1871.7,-329.08,529,115.5,-320.37,93.531
1899.6,-314.82,499.61,47.014,-295.77,96.207
1930,-452.27,341.69,150.73,-346.31,-34.907
1939.6,-341.37,383.98,42.303,-361.71,26.351
1903.5,-430.1,471.51,-2.558,-354.44,43.09
2292.4,-402.02,462,221.19,-371.27,9.9466
1822,-245.59,434.46,20.378,-281.83,71.815
1768.5,-226.63,472.29,95.071,-320.5,94.539
1988,-376.2,445.31,56.088,-284.17,60.992
2025.1,-405.54,417.06,118.32,-338.99,63.685
2082.3,-401.72,469.68,180.6,-315.66,18.953
2124.3,-446.99,463.47,112.44,-343.76,35.603
1749.9,-304.02,420.7,107.72,-309.8,16.124
1943.2,-376.55,469.81,31.282,-308.67,-1.5777
2119.7,-460.29,561.61,36.79,-346.13,109.75
2024.9,-343.63,460.7,115.13,-320.51,28.559
2120.7,-320.65,474.13,104.2,-303.1,56.603
2053.2,-352.8,468.95,75.261,-318.51,110.89
2290,-351.66,395.04,176.5,-310.71,90.714
2343.8,-341.92,506.48,148.54,-428.64,65.183
1931,-304.22,534.84,88.876,-301.15,97.797
2025.8,-439.67,439.63,42.09,-304.16,71.7
2040.2,-464.65,390.56,12.262,-328.12,27.774
1959.9,-236.83,514.96,181.25,-379.72,102.8
2167.1,-463.64,434.51,85.093,-336.52,50.855
1649.8,-345.34,431.56,63.958,-334.17,130.77
1966.1,-179.4,496.74,101.31,-384.61,70.624
1997.4,-432.88,440.31,174.69,-362.68,133.34
2089.5,-303.43,417.19,122.29,-410.73,113.39
1805.1,-121.13,425.94,40.286,-315.93,42.733
1916.5,-488.23,481.55,42.4,-422.93,112.68
2049.6,-330.11,467.08,110.26,-349.23,31.544
2262.8,-347.49,503.94,57.868,-372.68,69.671
1772.2,-340.31,421.03,50.856,-305.98,31.12
1932.3,-359,488.3,57.806,-399.94,65.729
1822,-372.99,417.83,58.635,-343.95,15.104
1894.4,-347.23,454.58,32.105,-267.96,51.696
1998.8,-269.23,462.9,144.89,-343.9,4.6294
2294.3,-345.55,509.01,127.15,-314.93,41.938
1942.6,-305.87,460.16,65.805,-335.39,82.002
2038.8,-359.84,421.86,143.96,-376.8,128.24
1875.9,-282.82,499.42,108.5,-375.97,68.887
1928.2,-401.6,482.32,61.8,-285.64,85.504
1789.3,-289.26,487.28,177.07,-269.35,105.35
1896.7,-319.38,416.33,59.333,-343.21,68.638
1763.4,-239.68,496.43,143.25,-317.31,89.239
1952.2,-349.02,445.35,127.84,-316.16,0.6468
2219,-320.57,507.62,160.38,-374.27,50.601
1633.4,-289.19,461.93,137.79,-283.17,56.021
2187.4,-332.27,471,134.6,-425.73,45.811
1861.9,-344.1,444.81,98.307,-331.17,50.403
1882.8,-310.37,474.64,65.186,-351.73,63.139
1922.4,-532.02,508.04,76.965,-351.34,67.342
2164.6,-430.03,378.69,123.94,-337.79,26.111
1897.6,-210.21,505.75,-36.072,-352.42,75.933
1941.6,-394.71,459.66,129.61,-145.54,74.771
1959.3,-340.5,453.74,30.953,-326.06,59.811
1882.4,-178.42,515.43,100.47,-316.9,114.49
1793.2,-291.4,388.69,96.542,-296.81,-21.775
2018.2,-401.39,412.63,132.98,-440.16,46.758
1960.2,-404.04,512.22,110.46,-349.16,80.807
1931.3,-351.18,426.42,73.538,-352.96,63.112
1968,-368.93,523.01,101.98,-314.37,104.27
2013.3,-392.79,508.63,56.901,-333.26,32.569
2103.2,-443.07,434.35,199.62,-315.13,14.04
1773.7,-358.76,430.36,31.048,-301.77,54.497
1823,-291.63,398.41,81.971,-356.05,-4.3598
2129.9,-423.62,357.86,46.915,-321.48,-4.052
1937.5,-297.33,517.42,137.15,-383.34,96.597
2364.1,-284.31,501.48,133.93,-399.36,60.938
1787.9,-298.17,481.91,82.857,-368.4,56.321
2253.5,-316.97,502.64,132.27,-361.66,69.306
2111.4,-517.13,448.82,169.88,-446.37,118.44
1943.3,-265.03,422.64,57.63,-325.09,86.831
2019.1,-282.91,488.51,84.567,-289.11,20.088
2051.7,-345.92,483.18,94.766,-280.09,43.158
1896.8,-300.31,483.19,25.89,-317.93,67.561
1815,-241.56,367.76,205.88,-424.72,21.944
2073.6,-355.77,481.38,67.785,-352.31,89.555
1840.6,-380.74,448.26,70.808,-216,80.595
1869.6,-313.96,438.37,33.696,-340.5,52.626
2234.9,-343.33,448.25,109.37,-345.62,95.529
1955,-385.75,441.99,8.303,-286.4,117.7
1982.3,-374.09,364.06,207.54,-419.48,-59.787
1939,-313.1,471.15,71.9,-333.35,63.86
1839.7,-169.09,430.95,98.604,-364.44,58.023
2075.7,-413.37,494.72,31.967,-327.27,60.342
1971.1,-444.15,473.77,67.937,-371.06,76.181
1922.5,-246.29,443.87,82.156,-340.68,9.4918
2093.1,-356.05,467.7,117.09,-364.56,84.198
1926.5,-271.56,445.83,142.57,-332.71,75.875
1801.4,-409.77,467.6,64.481,-343.3,60.177
1730.5,-154.25,433.8,47.802,-293.31,75.916
1888,-313.45,443.74,113.93,-298.17,29.674
2025.1,-295.98,401.25,120.47,-308.6,37.002
1709.3,-323.84,433.97,19.348,-268.21,50.486
1981.4,-277.84,488.45,73.723,-324.27,87.287
1921.6,-228.58,365.47,97.659,-348.4,92.052
2261.6,-354.14,454.12,91.685,-336.15,61.995
2047.9,-230.11,448.23,72.496,-284.13,61.782
2342.4,-363.34,543.27,94.798,-388.6,68.454
1898.4,-217.77,428.22,48.46,-329.1,54.594
1542.1,-242.4,463.33,62.491,-302.82,108.61
1772,-324.67,414.22,159.08,-308.63,41.875
1847.6,-255.34,454.84,99.083,-292.62,61.793
1924.6,-364.57,476.88,135.44,-297.97,61.086
1878.5,-314.36,511.95,145.11,-335.61,95.16
1943.4,-204.74,420.8,108.97,-300.94,86.957
1926.1,-411.56,422.56,25.134,-335.5,46.545
1818,-248.99,431.16,47.342,-227.92,51.723
1904.2,-259.56,468.13,62.235,-357.35,62.693
2237,-309.71,548.53,180.57,-408.54,139.7
1835,-362.16,478.84,26.454,-320.46,75.771
1950.2,-137.78,471.49,101.46,-301.83,98.824
2164.3,-357.72,487.56,83.424,-346.66,48.842
2270.2,-436.63,452.24,22.486,-403.02,20.026
2289.9,-212.8,501.24,129.19,-403.63,143.3
1976.7,-299.66,454.92,26.461,-254.43,90.422
2017.6,-398.71,395.05,101.44,-442.19,7.1023
2137.4,-459.99,517.77,82.517,-330.04,110.15
2274.5,-429.34,497.44,120.03,-325.83,106.66
2290.1,-408.02,445.4,82.645,-360.75,70.032
1769,-327.12,396.88,-3.2902,-329.93,46.893
2050.5,-441.95,462.51,36.443,-347.13,89.174
2172,-458.36,454.88,18.409,-350.59,90.252
1785.8,-236.58,479.41,65.199,-338.99,67.399
1792.4,-195.74,451.31,86.941,-313.98,137.86
1977,-368.36,460.61,85.737,-359.57,27.065
2261.2,-268.09,439.58,126.42,-303.68,83.596
2123.4,-313.37,452.43,155,-393.97,43.521
1860.9,-359.66,485.61,107.56,-248.97,143.61
1992.4,-352.45,488.83,129.22,-307.71,45.721
1786.7,-331.4,457.85,137.63,-257.03,81.167
1835.6,-344.6,464.56,10.28,-281.54,76.87
1709.9,-295.17,469.47,110.19,-294.66,22.137
2168.7,-227.02,510.07,174.4,-417.3,115.15
1706.9,-246.14,472.17,97.597,-314.68,70.448
2085.4,-478.1,434.06,52.137,-321.76,67.24
2217.9,-393.7,518.43,102.68,-330.74,70.26
1826,-341.25,457.03,65.965,-306.65,81.005
2106.8,-407.26,431.25,85.678,-409.92,56.822
2181.1,-460.13,436.44,98.284,-358.6,39.181
1980,-312.35,622.46,131.8,-274.47,107.74
2156.1,-463.15,518.72,42.355,-278.36,102.78
2108.8,-339.12,434.99,128.17,-312.06,85.76
1787.9,-380.17,388.62,75.95,-264.12,22.939
1931.5,-235.92,471.6,35.498,-310.8,114.99
2286.3,-362.12,530.58,109.31,-279.59,151.61
1809.8,-310.62,395.91,74.027,-309.03,24.769
2195.5,-389.05,542.87,79.401,-344.55,77.284
2097.3,-305.99,514.17,58.215,-335.36,126.61
1852,-252.81,425.45,-4.6533,-267.55,60.232
2084.6,-259.51,556.41,127.95,-350.03,48.295
1866.8,-343.52,489.14,23.541,-332.79,97.313
1946.5,-378.4,488.55,53.918,-300.27,91.575
2127.1,-330.27,520.34,106.26,-350.82,107.45
2044.6,-300.33,521.7,64.33,-389.6,86.17
2060.2,-203.88,434.76,101.14,-329.54,64.894
1729.3,-209.16,508.94,109.56,-300.99,82.491
1862.8,-265.53,497.86,74.331,-285.7,108.99
2037.6,-380.7,414.03,97.817,-355.87,79.909
1835.5,-358.19,469.17,116.58,-308.81,110.8
2082.1,-349.64,489.73,80.546,-270.19,102.12
1673.4,-222.59,414.67,87.286,-361.51,140.18
2038,-356.38,545.98,54.324,-357.41,78.925
1855.6,-273.16,420.21,155.32,-323.66,20.121
1906.6,-384.19,412.13,119.02,-299.64,24.107
1917.8,-276.11,408.39,25.782,-385.87,47.643
1994,-232.84,509.71,123.26,-383.52,66.033
1903.8,-248.87,560.29,103.92,-323.14,121.43
1873.4,-253.75,468.34,85.43,-321.19,68.049
2122.5,-332.43,463.52,104.79,-315.4,57.486
1986.9,-310.1,374.46,67.636,-368.47,38.865
1978.6,-422.19,412.18,37.209,-356.69,53.952
2158.1,-407.86,452.25,44.793,-384.67,40.824
1803.6,-221.23,435.78,44.685,-255.03,99.905
2038.7,-282.5,469.9,52.836,-364.16,88.64
2039.3,-250.71,367.6,110.93,-415.72,97.805
1837.4,-237.5,514.34,-1.7348,-350.89,111.05
1831.1,-237.78,466.51,48.543,-359.6,77.995
1923.2,-370.19,517.15,137.65,-270.46,94.633
1992.9,-384.93,477.28,161.34,-325.14,48.907
2102.4,-343.56,449.17,109.04,-326.73,52.375
1929.3,-377.08,541.19,135.38,-325.95,102.17
1959.6,-260.39,420.7,67.802,-327.48,45.46
1870.9,-260.95,485.38,142.77,-387.81,90.431
2191.8,-303.43,551.64,90.349,-296.61,85.582
1892.3,-302.11,464.08,32.38,-327.56,46.223
2087.3,-496.67,543.4,147.99,-399.27,30.444
2244.1,-546.42,418.59,75.804,-421.63,9.9977
2033,-279.82,502.44,88.786,-281.41,130.97
2033.1,-348.58,481,66.355,-341.51,20.026
1743.1,-323.38,409.8,72.305,-221.07,-14.358
1875.5,-321.7,455.55,147.38,-362.69,61.362
2160.6,-457.85,544.29,166.32,-372.72,104.01
2050.8,-350.97,569.51,188.49,-336.24,91.934
2048.5,-293.7,461.22,115.71,-325.22,95
2122.7,-296.41,491.71,74.55,-384.32,114.97
2047.7,-354.01,518.53,102.95,-322.95,76.147
1945.1,-237.47,404.04,158.23,-324.17,56.447
1713.1,-264.3,471.92,67.885,-300.28,126.98
1995.2,-290.42,503.01,108.83,-326.61,47.931
1641.6,-336.75,403.78,58.703,-317.88,13.525
1846.9,-273.75,483.09,38.839,-312.33,71.163
1999.4,-413.85,537.43,68.092,-405.3,98.195
1812.5,-293.51,550.58,149.42,-280.15,101.13
2104,-171.1,476.7,113.78,-323.66,103.63
1773.1,-365.95,435.41,117.31,-295.26,27.87
1970.2,-412.27,516.11,105.72,-320.87,35.733
2269.8,-317.91,403.63,105.73,-281.08,6.2319
1907.4,-262.34,441.29,31.162,-314.48,62.561
2098.6,-403.03,487.11,76.669,-329.19,120.93
2168.9,-324.71,562.61,28.337,-364.24,151.52
1771,-335.71,444.82,85.603,-345.2,105.25
1976.2,-319.16,476.41,75.52,-397.5,55.386
2319.3,-352.02,475.93,101.86,-365.58,120.82
1967.2,-350.41,411.5,49.399,-346.15,24.392
2048.7,-418.81,460.41,96.936,-420.18,59.377
1864.5,-279.41,467.67,84.512,-295.74,84.052
2161.9,-330.8,567.79,60.851,-381.39,126.73
1636.2,-232.43,457.96,142.79,-286.71,20.787
2001.6,-430.29,526.48,157.62,-386.43,59.928
1998.2,-237.64,417.93,111.41,-379.58,85.2
2226,-439.06,386.33,52.483,-400.94,4.4136
1982.5,-186.16,480.71,149.89,-273.75,130.11
1970.9,-283.24,487.6,149.54,-373.49,5.4152
1704.4,-255.7,488.82,74.819,-268.61,105.58
2026.8,-193.88,463.13,119,-379.59,70.538
1807.2,-167.55,471.83,97.205,-381.4,117.88
2076,-364.43,485.94,69.407,-212.48,55.518
1985.8,-261.14,540.1,84.445,-274.53,66.533
1854.8,-265.11,455.71,75.718,-277.26,98.207
2015.2,-337.39,449.42,142.17,-333.84,54.832
1733.6,-292.4,435.61,50.895,-280.15,89.088
2053.5,-328.63,474.19,153.79,-420.6,102.88
2186.3,-377.64,476.38,75.362,-320.88,70.053
2166.8,-201.67,554.55,143.57,-298.62,125.75
2103.8,-455.71,558.77,58.493,-297.35,51.774
1920.1,-294.12,524.96,123.02,-300.56,100.12
1871.2,-306.83,540.21,40.891,-300.96,98.651
2004.4,-360.31,454.65,61.375,-341.55,42.977
1944.3,-293.15,508.24,50.569,-320.14,117.24
2105.8,-325.4,499.63,131.5,-351.73,77.362
1918.8,-235.55,524.6,103.1,-329.35,87.621
1909.4,-380.34,462.71,135.17,-312.89,95.238
2067,-301.81,491.61,112.35,-363.64,62.856
2109.8,-363.84,557.9,101.27,-309.27,119.84
2242.9,-491.77,513.17,162.52,-379.47,51.538
1915.4,-395.89,570.44,20.609,-369.92,121.68
1886.3,-385.46,454.05,112.46,-287,99.023
2012.8,-368.64,475.45,93.267,-328,56.141
2121.7,-363.6,434.71,115.24,-266.78,39.991
2037.3,-406.46,441.48,129.79,-315.97,-1.4519
2127.6,-417.85,483.89,95.555,-345.39,61.624
2097.5,-282.68,512.23,89.121,-305.84,128.67
2067.3,-450.88,559.18,89.501,-289.18,53.314
2162.7,-337.92,478.02,97.398,-290.29,94.643
1958.2,-423.41,452.68,162.48,-302.91,88.552
1814.4,-177.52,409.74,85.269,-330.02,101.36
1705.8,-249.63,412.75,8.6251,-333.57,81.075
1939.6,-334.83,478.82,25.315,-257.66,72.131
1560.2,-188.19,437.96,62.653,-374.26,32.025
1956.8,-310.37,400.8,92.347,-376.57,64.402
1949.8,-254.2,467.46,10.713,-319.77,44.683
1883.3,-286.15,524.64,12.563,-356.88,123.39
1841.7,-267.59,531.19,99.116,-336.23,116.73
2320.6,-336.7,520.81,80.577,-333.02,92.547
1949.4,-309.7,542.54,52.865,-345.56,70.007
2174,-309.44,528.97,168.28,-358.13,80.234
2099.1,-416.41,449.32,78.948,-341.75,80.503
2116.8,-446.01,515.7,96.908,-366.57,55.569
1869.1,-259.53,452.23,33.648,-303.36,78.977
1981,-393.38,501.67,64.181,-229.44,81.19
2110.1,-398.68,546.33,80.872,-323.44,144.85
2339.7,-346.26,474.76,103.29,-342.89,53.091
2141.5,-278.35,492.7,95.366,-337.23,85.609
2068.4,-378.04,550.2,46.026,-292.04,136.48
1875.9,-219.94,432.66,129.21,-379.24,60.177
2082.8,-314.38,481.28,80.4,-343.36,61.604
2272.1,-492.71,519.27,103.35,-326.18,71.829
1990.4,-293.66,511.41,116.4,-365.46,98.579
2200.5,-496.28,462.19,74.746,-320.84,59.171
2130.2,-314.76,505.38,104.77,-310.83,120.34
1813.6,-320.3,416.24,48.799,-309.43,38.636
1944.4,-286.61,576.17,75.112,-335.21,134.33
1743.8,-264.35,470.43,100.21,-298.48,80.554
1890.9,-298.22,506.62,88.098,-236.51,147.38
1886,-239.09,552.85,64.287,-290.38,146.62
2027.6,-254.09,456.96,25.743,-318.75,5.0284
2080.6,-466.46,384.95,133.15,-316,25.166
1967.9,-291.52,526.76,122.77,-317.87,64.754
1849.4,-270.76,509.15,41.444,-340.07,74.806
1789.2,-410,384.21,167.99,-331.03,64.323
1968.5,-288.37,530.64,78.094,-337.33,119.65
1797.8,-271.68,445.6,67.983,-380.94,91.223
1993,-264.45,500.25,143,-340.14,112.59
2085.9,-282.75,556.6,140.12,-356.76,178.06
2242.2,-533.92,475.46,57.842,-200.83,56.552
1955.3,-306.68,594.79,69.191,-310.1,148.16
1881.8,-266.27,551.81,60.315,-238.37,100.56
1963.8,-331.08,485.83,84.686,-237.69,131.65
1988.7,-346.2,483.95,118.82,-198.89,106.76
2024.9,-289.27,481.26,81.813,-285.84,101.42
1957.7,-291.68,495.79,112.9,-275,89.821
2108.6,-293.36,473.66,138.8,-353.7,15.715
2323,-394.7,539.87,85.318,-304.76,76.868
2205,-464.29,497.53,125.55,-258.54,85.445
2186.3,-386.49,487.53,157.36,-360.76,36.811
1823,-295.25,535.99,77.652,-204.46,127.82
2070.5,-310.96,424.29,106.36,-370.08,67.614
2169.5,-242.79,572.49,98.935,-278.76,121.13
2072.4,-316.04,563.56,130.57,-249.6,97.801
1767.2,-227.25,508.21,147.13,-295.33,86.91
2369.8,-341.86,476.01,142.96,-346.35,160.56
1967.3,-432.64,503.93,88.142,-269.19,105.52
1764.7,-211.04,506.84,59.162,-278.57,154.24
2096.8,-349.13,482.01,113.01,-330.42,49.979
2146.3,-167.77,478.66,149.89,-290.27,89.362
2436.4,-302.46,464.46,95.66,-292.47,128.45
1754.4,-246.87,481.36,85.525,-266.83,109.89
1983,-282.64,434.22,123.05,-278.24,94.121
2157.3,-340.54,516.5,129.87,-291.02,119.42
1757,-182.05,481.83,99.174,-219.7,160.33
1924.1,-374.86,541.51,35.257,-280.32,138.33
1844.6,-413.48,542.76,84.648,-298.54,106.32
1760.4,-350.25,577.48,81.61,-307.3,153.23
1716.4,-104.07,507.93,121.43,-247.1,129
2038.1,-277.41,503.59,56.878,-304.36,141.26
2098.2,-393.48,507.26,142.95,-216.04,126.77
1940.8,-335.39,549.11,84.49,-254.48,118.74
2137.4,-395.21,454.09,159.59,-260.08,107.15
1803.1,-373,544.52,49.429,-264.88,145.05
1954,-434.82,564.15,45.442,-229.05,155
2169.3,-314.45,594.91,96.797,-361.86,106.33
1952.5,-268.97,508.28,70.19,-294.11,106.46
1829.3,-356.69,521.29,68.461,-238.74,132.26
2020.1,-369.79,533.16,80.874,-248.58,132.21
1808.3,-322.54,472.46,98.144,-323.03,59.694
1915.9,-150.35,471.53,65.142,-269.32,120.45
1930.9,-298.78,527.78,131.12,-281.86,87.145
2176.8,-504.62,495.07,45.658,-260.87,89.884
1963.4,-298.32,425.1,139.55,-247.96,78.366
1972.6,-357.43,481.31,103.92,-307.93,57.888
2006,-246.5,514.8,39.053,-328.32,89.507
1880.2,-478.79,509.64,131.26,-215.11,92.459
1742.9,-275.6,450.47,102.41,-264.47,93.253
1915.9,-281.94,490,53.368,-252.72,106.86
2239.5,-371.25,411.14,108.37,-256.57,85.733
1841.9,-383.53,589.67,162.42,-250.02,197.18
2107.7,-215.26,496.02,151.83,-282.79,97.179
1780.8,-329.5,516.98,103.32,-282.29,105.26
2114,-381.28,530.98,100.82,-283.6,135.01
1780.5,-424.34,449,73.614,-323.72,129.94
2152.7,-500.01,545.65,108.11,-180.11,181.62
1943,-314.71,628.23,154.73,-274.36,125.02
2154.2,-393.27,498.71,98.888,-329.1,138.47
1987.1,-426.67,544.85,115.69,-285.22,144.92
1902.3,-326.31,512.12,149.63,-267.3,130.96
1981.1,-267.69,438.83,131.47,-319.8,91.406
2005.6,-405.72,435.75,51.39,-423.81,62.627
1988,-343.19,599.95,83.989,-277.48,176.28
2083.1,-327.36,512.99,90.675,-238.06,114.86
2032.7,-458.96,485.01,95.372,-296.28,170.05
1888.2,-478.37,526,12.782,-286.1,95.407
2029.5,-307.26,538.65,94.649,-296.73,175.71
2043.9,-199.31,518.6,93.299,-271.31,114.14
1935.5,-245.51,489.08,96.73,-294.38,157.12
1947.8,-294.33,510.91,129.86,-321.61,89.727
1911.6,-300.09,462.43,153.16,-301.38,129.14
1749.8,-338.41,515.61,101.61,-236.01,108.16
1832.4,-336.5,480.41,94.922,-299.87,70.623
2072,-375.04,418.72,95.852,-277.94,55.14
1916.9,-319.76,485.96,73.28,-303.35,116.1
1780.1,-168.78,459.2,76.926,-246.99,114.64
1865.8,-223.14,485.02,81.412,-341.67,129.61
2226.4,-301.95,515.53,153.24,-346.07,45.161
2130.9,-338.03,452.86,150.17,-298.8,86.023
2021.4,-286.42,574.74,144.05,-309.69,121.26
2161,-418.91,515.01,98.232,-312.65,35.624
1892.9,-347.4,522.63,53.69,-310.63,114.61
1804.2,-312.24,505.21,111.26,-273.88,114.51
1895.2,-303.29,511.59,71.482,-278.42,104.98
1899.1,-304.03,496.8,106.23,-281.42,90.927
1817,-315.96,458.81,65.598,-283.98,41.78
1971.2,-511.43,473.13,24.171,-341.17,56.657
1930.6,-289.7,531.37,46.441,-290.06,155.32
2033.5,-361.82,539.76,90.02,-196.25,127.19
1924,-259.51,578.54,114.1,-273.97,156.06
2184.8,-400.65,537.99,180.41,-330.08,136.25
1975.3,-309.65,503.86,81.135,-303.64,115.19
1963,-312.37,519.56,85.809,-203.16,83.409
2052.7,-392.74,585.05,156.91,-277.59,105.97
2127.3,-180.95,555.25,169.82,-322.69,77.123
1821.2,-299.72,474.66,123.09,-301.29,69.994
1858.9,-382.66,444.12,77.537,-247.54,77.738
1819,-268.63,505.24,98.589,-262.15,136.47
1986.3,-407.79,459.64,168.45,-279.7,87.438
2095.8,-408.43,445.67,137.97,-355.59,72.022
1875.9,-269.31,485.73,83.148,-330.33,104.7
2159.2,-460.54,536.46,167.82,-279.92,101.27
2103.2,-257.59,505.83,65.184,-284.87,91.904
1966.6,-294.87,459.36,20.611,-275.79,49.549
1960.9,-414.32,547.5,147.81,-261.75,191.75
1991.8,-263.67,493.32,91.982,-293.43,88.808
2076,-343.32,520,128.12,-311.56,128.67
1922.6,-375.12,431.16,101.93,-284.2,84.352
1977,-302.66,492.14,95.19,-252.39,114.48
2049.4,-328.63,471.76,162.48,-256.59,139.4
2065.6,-298.14,506.95,43.265,-300.9,93.732
1823.1,-261.95,498.04,-1.1842,-252.56,118.84
2175.2,-357.49,577.14,130.46,-304.24,116.93
1928.2,-409.05,519.03,11.077,-249.27,179.97
2154.4,-292.65,526.49,118.27,-292.3,66.013
2048.6,-399.46,510.86,11.631,-362.84,95.661
2157.6,-385.7,510.07,98.178,-349.59,98.893
1775.3,-319.8,490.48,26.03,-314.55,104.11
1826.2,-294.55,481.2,63.96,-327.17,126.34
2150.6,-495.7,494.62,115.53,-298.7,77.529
2119,-321.02,465.12,156.33,-312.7,101.15
1944.5,-366,478.21,125.34,-325.98,78.887
1802.6,-211.48,513.96,69.52,-273.57,113.11
2155.9,-375.33,512.4,114.89,-307.76,104.45
2154.9,-357.27,504.57,91.756,-278.79,146.86
2142.3,-425.85,562.02,67.67,-305.87,125.06
1779.2,-253.92,464.22,56.364,-226.42,147.33
2195.5,-326.96,433.32,42.831,-344.37,63.904
2042.2,-368.36,555.75,152.72,-275.08,72.648
2149.6,-410.16,523.73,62.361,-290.22,129.03
1977.3,-503.21,430.28,58.58,-327.81,33.187
1899.5,-375.92,403,145.66,-364.14,35.797
2302.2,-457.74,510.46,115.04,-356.86,99.424
1934.4,-343.58,505.64,93.354,-305.43,99.481
2098.1,-203.36,605.42,177.42,-261.9,119.28
1870.6,-343.76,508.63,146.37,-243.31,37.967
2003.6,-351.46,420.06,193.98,-324.6,22.74
2131.1,-434.69,511.15,154.67,-347.33,93.007
1798.8,-371.78,471.71,23.108,-281.98,105.64
2295.8,-436.91,492.61,104.09,-333.24,85.752
2143.8,-230.98,512.63,97.961,-287.22,117
1872.7,-355.04,469.99,125.13,-366.14,131.63
1981.4,-486.47,455.64,65.827,-253.02,45.288
2355.4,-254.08,499.64,158.35,-325.72,153.15
1791.8,-379.06,480.96,29.091,-290.22,93.253
2096.2,-348.22,483.1,112.19,-234.37,75.538
2279.8,-434.41,610.73,172.02,-298.12,108.59
1961.1,-322.66,465.81,138.92,-303.3,101.84
2110.3,-390.86,510.11,78.152,-315.74,106.48
1942.3,-315.64,519.04,127.37,-305.71,87.997
1804.4,-335.84,492.5,56.55,-277.63,148.2
2028.1,-246.06,478.09,64.013,-353.67,84.161
1998.1,-361.09,439.98,129.59,-290.91,79.531
1769.5,-324.54,505.09,79.754,-248.41,112.79
1728.3,-222.57,478.33,168.93,-248.41,79.02
2096.7,-395.2,491.07,172.87,-318.26,86.012
2065.2,-386.21,493.3,148.26,-247.35,102.52
2014,-393.41,463.97,144.16,-240.8,106.72
1797.2,-327.55,499.32,47.734,-319.69,87.027
1978.1,-406.48,544.21,114.57,-282.76,106.17
1915,-383.47,485.82,149.07,-354.72,58.963
1989.3,-198.37,451.63,88.722,-313.15,69.215
1850.6,-226.58,458.87,81.33,-298.58,119.31
1909,-327.78,504.34,120.93,-255.17,106.82
2020.7,-293.88,547.06,74.04,-199.31,117.92
2130,-444.03,481.38,168.29,-292.84,72.442
2258.3,-346.96,449.78,166.36,-320.92,90.196
2002.8,-412.11,524.37,71.348,-251.48,145.72
1763.7,-253.79,431.72,60.007,-243.25,174.43
2111.4,-356.71,522.84,147.95,-311.07,86.329
1972.1,-318.12,489.81,115.21,-363.17,106.66
1827.9,-339.14,539.87,133.7,-263.24,7.0983
2162.3,-438.25,418.88,74.388,-345.91,62.343
1893.7,-268.12,487,101.38,-327.11,184.5
1556,-266.3,458.5,57.563,-241.4,93.517
1729.4,-186.95,454.79,57.724,-297.67,65.684
2109.4,-352.67,537.29,114.51,-320.64,113.89
2037.4,-347.03,600.32,41.303,-258.38,143.78
1996.4,-341.43,530.69,148.07,-342,68.656
2031,-360.08,552.94,118.05,-285.55,144.96
1903.7,-371.26,514.65,50.186,-250.09,91.008
2050.8,-268.87,581.94,161.54,-257.95,126.23
1913.2,-379.21,476.28,63.671,-300.96,12.294
1778.1,-348.76,486.72,72.062,-263.62,129.86
2258.9,-433.46,459.75,176.88,-333.1,36.148
1992.3,-346.75,554.67,60.812,-231.75,113.54
2151.7,-266.57,572.53,140.81,-288.57,115.22
2187.6,-407.17,509.34,147.42,-250.67,143.85
1890,-246.95,551.09,237.82,-350.68,70.119
2413.7,-384.98,547.22,102.43,-332.62,97.992
1923,-289.03,552.45,152.84,-244.36,216.73
2023.5,-458.01,489.24,76.909,-261.26,76.829
1715.6,-316.46,466.95,52.038,-373.79,101.98
1995.9,-352.13,485.09,101.84,-310.72,89.531
2147.3,-413.36,492.13,112.26,-314.92,119.26
1770.9,-364.52,491.02,117.41,-237.61,77.183
2158.8,-231.17,486.21,108.9,-295.96,106.69
2038.3,-436.93,486.2,170.81,-418.06,43.883
1935.2,-252.31,510.45,26.369,-272.65,101.63
1878.2,-399.85,536.47,-3.8153,-267.71,120.76
2119.5,-346.21,521.47,3.5214,-277.07,109.2
1988.1,-311.3,501.07,113.52,-308.26,132.09
1922.6,-365.31,557.71,75.531,-250.45,77.646
1764.2,-301.44,503.54,122.62,-294.95,110.12
2267.5,-449.07,561.33,61.175,-345.94,87.636
2046.3,-340.99,441.68,198.86,-316.26,66.582
1884.7,-258.61,468.45,118.88,-322.31,98.304
2047.8,-380.01,531.09,140.42,-247.4,107.89
1884.1,-286.07,507.33,102.21,-301.68,135.08
1961.5,-349.49,459.99,55.895,-304.27,21.861
1999.1,-367,491.94,224.81,-282.44,66.602
1866.1,-456.38,490.77,35.973,-203.07,94.502
1971,-405.37,511.28,111.81,-420.4,57.428
1956.4,-309.05,457.17,100.15,-298.12,73.738
2001.4,-198.21,550.92,175.8,-344.84,120.66
1962.6,-265.09,448.44,118.6,-344.35,183.76
2047.5,-462.05,489.34,200.52,-286.24,16.739
1821.3,-416.23,478.91,92.845,-256.25,28.422
2056.5,-348.46,432.29,113.47,-319.73,95.153
2000.4,-332.2,423.83,96.47,-308.3,71.797
1902.3,-370.67,428.98,174.91,-311.37,87.848
1920.3,-350.65,514.25,59.406,-282.29,121.71
2394.2,-513.57,555.56,178.99,-332.66,13.045
2317.2,-336.42,490.09,117.47,-306.62,107.65
2009.9,-351.13,462.74,107.12,-331.56,72.282
1688.8,-271.38,437.44,52.424,-274.39,66.824
2163.3,-109.34,443.46,164.34,-208.32,97.892
1924.7,-428.39,504.52,31.44,-279.31,138.62
1960.6,-410.32,490.84,242.31,-295.37,50.257
2155,-389.73,454.67,42.515,-251.66,69.069
2078.6,-276.08,470.53,70.214,-341.32,86.316
1957.1,-419.21,462.17,159.72,-340.25,68.215
2084.4,-369.81,420.96,110.58,-330.01,104.64
2296.5,-432.97,580.65,145.83,-271.76,154.01
1845,-256,534.03,132.93,-221.66,145.85
1904.1,-332.23,475.13,68.742,-305.05,49.047
2013,-331.92,434.44,138.82,-293.59,97.19
2099.8,-294.02,613.72,157.24,-331.7,142.74
1930.1,-289.56,497.58,114.23,-230.63,104.36
2141.6,-355.06,495.05,57.642,-323.18,64.706
1908.2,-297.89,410.01,144.96,-314.21,49.474
1995.6,-466.33,564.59,80.892,-217.35,209.86
2204.5,-285.09,475.03,159.91,-253.65,76.969
2109.2,-332.97,497.37,199.14,-301.38,144.22
2160.4,-229.53,501.88,139.7,-315.31,130.4
2143.9,-359.44,602.33,151.67,-442.44,84.555
1850.8,-287.95,550.34,112.21,-265.08,100.55
1980.4,-250.42,529.96,84.477,-273.18,77.506
2310.6,-496.98,490.2,137.81,-295.26,95.244
1814.4,-256.03,486.83,58.591,-272.02,100.44
1753.8,-346.06,469.43,124.21,-268.41,93.611
1900,-363.27,486.4,120.28,-280.78,71.559
1937.8,-166.8,489.69,168.92,-323.06,110.71
1862.3,-256.86,509.16,-13.313,-237.43,144.89
2233.6,-414.1,450.26,87.928,-249.18,115.72
2037.1,-521.91,492.61,83.874,-298.71,77.294
2054.1,-351.31,458.8,150.77,-349.7,84.993
2120.7,-410.17,442.5,182.55,-322.24,102.91
1872.3,-217.41,493.25,52.529,-314.27,126.81
2122.6,-468.45,485.23,96.29,-310.44,61.187
2012,-410.31,472.48,107.89,-330.82,89.133
1980.3,-297.05,519.58,38.725,-240.58,94.56
1882.1,-473.05,515.94,119.97,-278.03,92.992
1769.2,-350.72,434.26,78.407,-244.31,75.805
2007.6,-236.58,477.7,114.6,-334.64,144.2
2146.4,-311.78,482.59,130.24,-270.54,92.661
2070.7,-281.07,486.04,130.66,-260.03,97.483
1789.6,-359.19,536.24,68.993,-263.68,106.83
1801.8,-309.82,481.56,122.35,-228.77,67.99
1905,-308.61,501.71,103.32,-185.57,107.39
1875.1,-413.64,491.4,166.49,-234.17,48.395
1787.6,-165.12,531.22,86.427,-275.72,148.92
1751.9,-212.18,501.95,74.52,-355.9,110.22
2147.1,-265.4,479.62,149.72,-286.52,90.667
1893.2,-378.15,502.31,90.964,-297.84,64.544
2047.6,-328.84,439.09,87.131,-365.84,59.309
2552.8,-511.48,562.71,203.75,-283.79,65.469
1809.1,-466.9,461.14,69.162,-241.85,103.89
1895.5,-409.35,484.51,183.35,-379.79,52.787
1719.4,-328.28,465.98,105.93,-221.13,153.27
1869.2,-361.84,495.33,34.476,-287.24,64.9
1897.8,-292.65,507.84,75.144,-271.19,126.99
2174.1,-382.14,462.66,118.79,-313.71,65.578
1832.7,-269.07,518.55,85.336,-252.06,97.056
2040.1,-343.91,485.4,237.9,-329.48,57.952
1965.5,-281.33,467.77,55.343,-195.34,82.498
1982.9,-248.28,519.17,120.74,-276.04,94.221
2166.2,-443.54,444.25,224.17,-333.41,61.733
2019.1,-375.65,496.93,109.46,-286.33,115.17
1898.8,-339.89,537.88,58.493,-266.98,167.1
2202,-283.22,524.81,127.3,-350.66,107.66
2146.1,-447.83,606.52,105.57,-272.04,156.03
2093.4,-255.75,494.97,126.19,-351.06,62.826
2084.5,-361.55,485.9,109.96,-328.47,-7.9604
2152.4,-391.2,444.61,132.2,-311.19,24.328
1937.3,-359.48,456.88,126.33,-356.84,96.885
2088,-377.13,498.72,33.306,-330.31,80.213
2233.8,-69.864,477.18,137.4,-292.81,91.91
2026.3,-244.45,509.34,172.64,-246.83,137.41
1739,-188.52,443.63,88.574,-316.56,197.33
2109.5,-304.63,420.44,166.4,-318.1,9.4068
2013.6,-328.72,535.19,76.18,-230.91,104.8
2066.8,-317.58,515.24,96.409,-241.74,71.129
2131.4,-314.76,564.26,49.407,-240.33,126.84
1879.1,-332.74,519.75,66.215,-256.36,58.507
2230.9,-491.63,508.75,174.82,-337.93,43.892
1775.2,-346.61,408.74,63.673,-321.03,65.388
1785.6,-388.84,511.28,70.364,-227.65,122.35
1985.4,-364.35,485.43,148.04,-307.51,103.73
1873.6,-237.4,477.01,71.506,-309.23,117.18
2039.1,-347.21,508.2,166.02,-316.54,121.9
2118.3,-231.4,433.44,189.73,-308.84,108.43
1916.5,-309.04,515.94,58.057,-283.43,76.39
1950.6,-423.49,482.2,144.76,-311.92,142.09
1882.4,-419.96,548.32,91.45,-317.46,117.48
2638.3,-438.57,420.34,102.55,-287.04,60.239
1678.7,-245.14,445.08,54.917,-238.85,159.36
1815.3,-205.18,517.48,100.17,-181.72,101.98
1998.4,-330.34,524.06,85.095,-263.06,138.69
2008.3,-313.42,451.14,115.22,-314.18,66.721
1888.6,-236.23,488.02,114.07,-304.76,69.62
1965.3,-346.1,514.57,101.93,-329.49,98.057
1971.3,-300.63,497.51,66.008,-249.81,96.347
1732,-306.7,435.25,120.08,-274.08,98.579
2336.8,-349.56,517.42,153.05,-355.68,149.34
2128.4,-350.62,534.1,164.44,-259.48,163.32
1924.5,-288.36,521.32,146.76,-351.67,116.36
2177.9,-329.9,475.22,81.008,-286.44,78.868
2139.8,-405.73,513.59,84.355,-314.74,75.846
2089.1,-289.88,423.61,141.34,-377.17,54.159
1857.1,-341.06,464.85,49.456,-285.65,102.81
1938.3,-324.67,558.8,81.021,-271.03,143.28
2055.7,-443.78,513.3,90.02,-233.81,77.224
1825.3,-306.61,482.79,87.14,-320.74,28.626
2137.4,-437.8,497.16,146.04,-278.45,144.58
1918.7,-387.94,429.63,163.29,-439.46,28.02
1958,-315.73,562.57,60.782,-242.09,118.23
1704.9,-206.81,453.28,95.385,-282.78,72.513
1819.8,-373,467.65,60.295,-338.85,71.151
2019.4,-356.81,430.95,100.48,-291.29,95.237
1850,-304.66,521.04,70.292,-220.72,144.51
1837.3,-329.72,496.23,44.447,-267.31,124.39
2052.6,-258.03,474.18,186.71,-269.41,104.71
1847.8,-358.89,467.2,64.562,-278.02,60.226
1862.5,-336.63,496.87,100.34,-248.39,100.24
2323.3,-466.91,511.62,260.78,-367.17,59.926
1858.9,-479.67,435.77,91.191,-199.22,32.524
2128.8,-315.94,530.13,84.865,-279.59,132.59
2265.4,-328.74,476.9,227.48,-330.67,79.658
2404.3,-373.66,536.88,140.73,-235.18,129.67
1858.4,-355.36,554.65,125.55,-266.11,113.5
1848.6,-292.44,460.6,61.085,-277.43,110.13
2213.6,-326.83,562.19,169.09,-348.74,110.61
2171.2,-421.14,530.99,71.946,-333.1,89.577
1927.1,-282.18,498.56,59.089,-322.56,116.58
2101.5,-443.09,500.57,121.14,-246.16,94.453
1816.5,-328.81,481.59,117.99,-235.52,87.121
1983,-290.34,535.59,131.22,-261,66.964
2193,-526.97,526.89,64.05,-306.46,73.801
1953.4,-372.3,443.25,96.42,-320.87,66.962
1766.3,-211.22,566.93,203.44,-239.96,152.32
2072.8,-357.09,487.77,130.08,-308.01,81.212
2175.8,-357.52,480.4,144.76,-273.08,134.86
1694.6,-422.43,502.3,72.135,-239.45,123.82
1985,-381.77,433.32,104.94,-297.1,71.423
1963.8,-426.83,508.91,84.579,-305.33,95.042
1834.1,-94.904,539.27,141.69,-284.22,126.28
1817.4,-397.92,423.57,34.292,-296.06,49.528
2072.7,-462.13,452.12,126.01,-290.37,99.696
1700.9,-310.54,477.64,119.46,-266.2,126.21
1969.3,-396.81,466.81,56.905,-340.14,109.31
1937.9,-297.77,466.8,45.034,-314.75,121.18
2055.4,-212.35,463.4,120.78,-285.37,121.26
1767,-334.91,501.6,74.322,-279.55,76.724
2220.2,-426.61,557.25,74.782,-293.39,92.486
1959.4,-286.23,510.13,101.95,-285.74,139.11
1831.8,-234.49,508.51,57.252,-265.19,114.53
2266.4,-474.92,493.2,145.26,-402.31,61.756
1691,-286.38,515.21,102.73,-277.73,152.1
2159.4,-451.24,574.17,135.21,-236.72,149.65
2002.6,-332.92,481.62,192.88,-331.43,44.74
1925.8,-472.25,367.97,158.1,-370.73,100.69
1907.7,-363.63,477.46,38.298,-283.09,75.606
1823.6,-430.38,517.45,168.23,-275.43,64.31
1862.5,-356.98,555.72,137.75,-264.4,130.42
2082.5,-365.19,449.59,101.55,-407.01,87.313
2056,-474.5,519.1,181.67,-300.02,18.793
1819.3,-258.25,489.51,128.6,-226.26,119.11
2192.1,-375.2,541.28,128.52,-276.01,111.27
1865.3,-368.95,471.99,62.883,-245.37,54.758
1803.2,-343.11,520.81,50.121,-270.6,107.51
1896.2,-395.75,462.02,90.787,-289.45,92.493
2183.3,-421.29,511.32,100.16,-363.5,74.278
2027.9,-382.78,524.8,48.528,-343.31,113.97
1829.8,-214.1,531.62,113.01,-303.14,156.43
2010.2,-419.4,624.11,140.79,-234.82,176.26
2095.2,-391.9,465.06,88.03,-289.57,62.695
1961.8,-380.31,370.53,78.961,-377.72,27.9
1943.8,-295.25,505.97,80.271,-264.73,115.57
2118,-374.2,533.55,90.161,-325.91,160.92
1914.7,-440.16,501.31,201.96,-342.92,135.82
2057.3,-478.18,486.74,86.946,-331.21,116.24
1771,-204.58,469.09,60.551,-293.37,134.92
2120.7,-413.62,568.56,131.82,-377.58,103.91
1679.5,-156.53,403.09,91.376,-248.39,78.756
2126.5,-488.1,431.45,92.789,-288.18,18.374
2167,-484.09,437.8,93.01,-343.24,82.538
2137,-352.68,551.82,167.39,-305.32,125.74
1809.2,-316.99,514.21,65.938,-245.56,146.4
1938,-324.86,495.27,31.423,-319.08,98.021
1941.2,-358.33,527.28,89.566,-280.51,99.751
1644.7,-301.45,403.37,149.1,-318.59,91.479
2128,-450.1,443.29,84.596,-333.21,63.093
1830.7,-406.49,488.82,39.853,-221.8,103.26
2066.9,-349.52,535.81,129.63,-317.25,45.864
1905.1,-304.64,447.96,108.13,-272.01,93.323
1890.3,-323.71,521.12,156.99,-297.94,124.56
2060,-334.6,499.71,193.26,-352.8,142.77
1989.2,-238.14,524.64,93.389,-347.37,110.49
2243.2,-434.66,474.79,104.81,-356.05,53.359
1809.2,-275.21,488.85,69.4,-293.44,124.46
1897.7,-395.27,479.59,62.083,-290.92,104.63
1871.2,-291,547.66,108,-277.16,187.43
1859.8,-345.53,598.43,54.258,-278.16,161.15
2301.5,-342.39,541.83,95.861,-386.28,111.45
2020.9,-386.93,543.59,117.96,-317.07,106.39
2092.9,-394.7,467.55,66.921,-347.26,81.302
2090.9,-283.36,494.96,141.37,-333.38,81.167
1867,-313.6,520.92,92.315,-269.26,61.913
1704.5,-169.61,478.06,18.647,-317.84,137.1
1969.6,-235.32,528.01,145.93,-380.11,56.566
2036.9,-281.58,477.54,54.305,-396.22,70.181
1859.3,-303.07,521.13,39.929,-252.46,99.72
1876.7,-307.87,496.44,134.64,-322.58,79.643
2033,-484.59,489.32,98.185,-308.98,109.1
2222.6,-455.98,505.96,85.067,-361.46,82.324
2030.5,-376.32,484.62,58.457,-337.77,121.73
1787.8,-383.34,436.67,52.598,-322.42,91.935
1883.3,-356.63,432.08,37.746,-300.11,91.768
2052.3,-414.34,521.92,76.516,-304.99,159.03
2046.8,-415.55,534.29,24.661,-345.83,106
1997.6,-226.43,452.74,51.323,-351.27,54.373
1976,-433.87,514.63,84.12,-352.22,22.975
1785.9,-325.07,504.02,75.689,-221.67,87.67
1923.7,-390.6,488.74,122.6,-263.09,161.79
2121,-276.6,513.85,177.28,-345.72,63.381
1974.8,-394.51,529.91,106.45,-323.45,93.514
1858.3,-359.93,473.12,119.49,-256.24,106.13
1934.7,-363.62,431.54,-3.9124,-289.77,92.88
1982.5,-315.53,485.78,94.043,-382.03,70.996
1922.6,-397.27,542.88,71.565,-307.88,104.22
2060,-281.99,475.86,101.45,-288.64,95.045
1777.6,-386.34,472.04,15.57,-260.05,111.39
2582.7,-154.72,511.93,228.55,-352.34,176.21
2023.3,-308.15,496.65,104.9,-338.87,94.955
1961.7,-418.73,474.6,105.59,-361.41,130.94
2007.7,-242.82,508.61,118.8,-275.57,125.76
1903.5,-388.69,431.72,6.8054,-303.89,62.174
2016.5,-206.57,506.82,29.79,-309.21,60.069
1760.2,-302.38,486.21,66.082,-256.45,112.14
1911.4,-261.52,442.63,66.983,-344.6,41.765
1790.2,-297.28,515.71,88.098,-259.16,88.194
1758.9,-231.93,481.01,117.85,-294,77.802
2158.2,-240.9,457.01,134.26,-334.25,125.13
1665,-240.16,465.75,76.521,-302.84,99.74
2000.3,-163.17,413.54,109.19,-371.85,15.438
1873.6,-238.13,525.8,121.1,-370.27,88.631
1761.6,-353.11,494.06,51.491,-291.75,116.52
1700.4,-284.68,524.34,59.351,-275.61,137.47
1959.5,-403.69,551.65,20.558,-362.34,68.011
1763.5,-332,447.39,51.703,-299.71,76.514
1749.3,-285.06,471.7,158.17,-351.35,74.381
2202,-382.57,508.27,134.61,-340.9,35.323
2101.4,-317.94,473.72,64.595,-368.98,86.717
2116,-371.25,511.99,108.09,-370.13,64.545
1780.9,-274.55,529.72,18.385,-322.25,115.37
1717,-344.47,554.69,46.338,-247.85,161.02
2211.9,-298.93,497.88,33.784,-359.22,53.555
1968.4,-299.86,537.95,28.243,-347.78,99.581
1773.9,-228.59,556.39,83.113,-283.84,117.31
1793.4,-201.67,505.32,71.667,-302.09,107.08
1617.1,-156.42,525.05,36.799,-273.43,115.41
1920.4,-271.62,495.58,94.521,-369.9,70.604
2375.1,-536.31,518.51,99.08,-351.32,87.557
2015.4,-491.95,520.74,15.892,-313.64,115.59
1983.1,-354.95,518.25,109.85,-269.22,58.13
1690.2,-199.1,424.37,61.86,-349.79,67.988
1856.7,-326.98,458.94,50.447,-348.06,52.987
1867.2,-264.21,542.86,63.86,-270.18,134.28
1790.9,-297.55,565.78,37.363,-383.79,78.761
1911,-289.8,466.67,8.1742,-367.38,106.19
1786.5,-295.2,543.37,19.586,-249.6,66.779
1815.6,-129.23,522.91,65.728,-297.61,101.04
1799.9,-328.41,514.26,37.811,-404.46,93.254
2155.3,-342.01,485.09,92.56,-381.79,94.566
1717.6,-271.11,409.35,-20.748,-327.83,67.305
2280.1,-437.67,498.35,63.364,-377.95,28.08
2073,-451.36,500.04,79.671,-280.13,125.06
1794.5,-303.8,539.83,26.25,-290.26,144.84
1790.8,-338.66,449.16,48.482,-362.38,70.529
1939.8,-330.25,491.79,6.0817,-327.24,99.01
2046,-333.4,549.58,132.02,-326.26,71.5
1883.4,-450.26,454.44,49.875,-301.71,37.877
1862.9,-263.85,518.04,38.75,-348.94,88.711
2014.1,-365.93,487.18,48.608,-322.75,50.404
1843,-389.23,532.88,85.124,-341.1,38.088
1735.8,-236.59,495.41,80.98,-321.55,88.5
1929,-315.3,508,77.204,-308.97,118.01
2060.2,-204.73,385.66,15.328,-352.21,76.334
1846.5,-282.02,478.77,85.431,-220.39,53.137
1861.6,-279.53,488.21,103.34,-337.5,75.835
1743.8,-336,503.82,43.941,-326.49,100.86
1783.9,-259.55,607.34,91.013,-290.16,145
2043.4,-399.65,529.76,30.83,-303.13,135.63
1856.5,-331.74,568.64,35.414,-326.15,136.28
1787.3,-348.74,442.51,112.81,-325.37,32.338
1956.9,-332.9,502.85,59.669,-410.41,66.635
2147.8,-393.79,480.13,74.772,-337.03,55.207
1916.5,-311.93,437.84,71.953,-301.65,85.816
1915.8,-294.34,494.53,4.3619,-335.61,139.08
2086.4,-321.84,487.27,9.1974,-363.28,59.068
1957.3,-354.17,491.86,110.62,-301.11,69.611
1775.4,-307.06,439.52,85.699,-343.98,53.698
1905,-420.38,476.88,69.534,-309.27,14.027
2137.3,-320.1,458.17,91.485,-379.2,93.104
2165.7,-440.38,502.54,-1.2635,-307.51,96.746
1993,-339.7,479.87,167.69,-396.76,24.147
1900,-426.38,549.94,60.336,-281.52,138.47
2118.6,-334.44,497.25,74.541,-363.44,68.565
1827.3,-177.45,503.14,89.767,-313.05,55.208
1990.2,-432.74,534.85,79.15,-386.48,64.623
1831.2,-240.67,552.69,138.62,-237.52,188.82
1947.5,-482.88,534.06,25.063,-316.47,53.149
1909.5,-309.54,476.23,122.85,-351.59,65.469
1975,-357.79,515.72,64.052,-278.75,80.28
2115,-318.94,482.44,72.388,-320.61,80.542
1730.6,-171.59,514.29,42.427,-295.45,67.126
1925,-420.2,525.45,19.599,-380.78,54.76
1715.5,-278.03,434.73,82.288,-284.12,122.53
2107,-327.86,445.74,129.61,-361.14,70.682
1776.6,-286.82,440.79,68.062,-266.61,64.736
1770.4,-344.98,465.56,53.886,-304.71,94.85
2005.1,-313.78,462.21,80.096,-316.36,79.513
1734.6,-314.03,444.77,31.969,-352.1,85.683
2070,-327.45,468.05,110.04,-294.33,94.976
1836.7,-256.74,397.74,41.36,-347.07,42.786
1857.6,-302.22,533.72,71.857,-261.1,94.314
1862.1,-335.15,516.51,72.656,-335.86,128.82
2042,-308,472.51,187,-363.97,66.961
1773.7,-308.63,477.75,85.763,-256.09,60.508
1871,-294.08,536.14,15.085,-323.07,119.04
1841.9,-452.37,482.14,95.402,-242.35,95.609
1893.6,-327.82,422.72,-10.576,-280.54,22.087
2084.3,-305.51,487.67,125.69,-332.99,112.9
2082.3,-306.38,517.74,63.208,-330.44,93.089
1836.7,-210.94,465.98,44.99,-233.21,136.09
1896.8,-321.84,546.65,82.536,-289.88,90.834
2047.5,-378.18,553.22,86.276,-399.59,84.948
1969,-255.16,432.14,66.561,-464.44,55.422
2049.7,-396.12,438.93,112.11,-403.82,44.52
2085.8,-417.53,453.71,-5.0396,-292.69,54.746
2100.6,-316.91,459.79,93.381,-309.57,81.96
2098.5,-285.42,517.65,99.706,-383.44,136.56
2034.4,-411.5,445.07,78.361,-313.2,86.006
2013.6,-330.5,509.06,63.956,-224.41,128.31
1954.4,-258.69,544.57,136.85,-282.17,119.03
1861.1,-321.37,450.6,114.57,-271.15,18.608
2431.2,-327.44,551.65,46.075,-282.87,108.1
1923.5,-212.35,523.47,73.993,-306.08,102.4
1892.1,-296.51,487.81,62.377,-330.31,77.856
1724.1,-248.99,437.99,20.232,-326.09,53.764
1706.2,-323.56,563.47,88.906,-312.82,86.62
2008.7,-490.03,470.21,130.37,-326.56,41.86
2185.4,-429.62,566.12,57.017,-377.33,88.382
1944.7,-304.05,455.79,129.11,-350.75,60.166
1980,-370.69,464.96,25.521,-256.42,118.19
1811.5,-273.59,508.14,87.996,-227.3,101.32
1952.9,-295.96,477.13,102.64,-343.57,130.68
1725.1,-254.89,537.5,48.63,-264.49,93.017
1887.5,-424.85,533.99,16.769,-302.01,151.68
2055.3,-418.66,474.35,120.91,-371.7,52.942
1848.2,-219.24,508.09,98.744,-352.12,49.448
2159.9,-247.35,459.6,64.158,-261.94,176.61
2227.7,-423.44,468.81,66.717,-279.65,34.671
1890.1,-360.93,503.71,33.213,-336.02,103.98
1763.9,-281.2,481.27,93.588,-298.72,56.996
1760.7,-304.53,473.14,-9.8458,-349.71,92.354
2049.7,-400.67,530.64,77.961,-382.71,88.236
1816.9,-263.69,486.98,96.932,-365.03,66.104
1633.7,-274.15,420.29,34.306,-340.01,42.838
1658.2,-427.19,329.34,47.122,-340.78,45.248
2210.5,-437.08,511.24,116.07,-422.19,102.52
1644.2,-378.53,340.45,43.083,-345,-38.705
1767.6,-376.21,466.35,14.752,-294.59,38.718
1997,-409.39,551.08,92.057,-311.07,166.67
2062.1,-396.72,478.55,65.082,-421.7,41.722
1854.6,-360.78,422.23,38.793,-296.82,58.008
1831.3,-370.33,458.03,123.47,-306.81,73.083
1920.1,-234.66,523.87,109.85,-272.18,154.81
1712.4,-162.28,442.29,25.51,-360.29,61.567
1904.2,-294.96,516.28,117.07,-359.01,108.17
1916.7,-335.19,476.15,62.269,-331.1,63.783
1910.9,-445.1,486.64,53.979,-423.67,96.512
2096.3,-262.95,485.5,80.66,-388.11,42.482
1759.8,-404.53,481.02,49.741,-328.04,35.374
1662.6,-240.24,527.25,73.617,-338.82,47.978
1761.2,-355.17,463.79,70.823,-250.94,64.577
1682.4,-275.51,436.52,23.114,-316.9,92.097
2054.8,-327.78,532.61,79.428,-288.29,85.031
1886.3,-328.77,513.29,79.865,-292.75,89.65
1727.1,-296.26,454.87,-7.7932,-340.83,64.713
2007.2,-394.31,491.3,2.9983,-404.77,76.844
1795.5,-279.66,475.16,32.481,-262.19,95.027
1634,-226.32,461.3,8.5437,-243.08,128.32
2311.6,-563.01,458.01,175.09,-383.7,83.476
2298.5,-578.09,475.22,18.26,-358.14,47.392
1747.1,-348.39,472.05,64.951,-276.51,71.875
1721.8,-308.87,557.07,85.923,-300.24,109.42
1861.1,-305.24,518.75,-14.328,-383.51,129.29
1874.9,-259.62,455.19,57.485,-305.87,75.683
2104.3,-246.96,433.7,71.122,-308.48,13.273
1716.3,-291.91,500.08,94.503,-276.01,80.851
2239.8,-372.05,504.29,60.115,-417.13,77.846
2116.6,-371.71,464.59,125.85,-383.12,49.883
1835.6,-248.92,496.43,53.118,-296.92,103.74
1779.2,-386.04,509.37,82.037,-241,116.34
2202.8,-389.62,494.75,77.893,-321.34,83.473
1834,-380.6,474.08,86.9,-227.98,116.13
1795.1,-191.26,513.48,124.49,-301.77,112
2029,-452.64,464.2,33.46,-339.44,33.72
1685,-304.62,442.98,26.612,-292.6,61.404
2051.1,-407.9,538.21,88.133,-278.72,135.02
1956.5,-394.3,559.31,59.666,-244.94,119.49
1789,-319.94,513.2,33.888,-262.93,129.47
2155.9,-468.38,464.59,61.037,-339.51,70.81
1903.3,-474.5,514.86,40.476,-306.59,48.806
1895.1,-272.49,478.86,99.077,-324.68,57.283
1777,-331.95,498.22,18.243,-273.38,68.414
1888,-343.68,460.32,33.691,-395.63,62.796
2237.1,-453.17,531.47,91.52,-341.24,80.865
1833.9,-427.54,471.31,-1.9499,-261.75,88.385
1981.6,-336.36,485.78,96.427,-352.3,59.934
2060.3,-317.64,504.74,117.61,-318.29,66.118
1697,-313.7,522.96,43.171,-336.75,55.476
1920.1,-389.18,494.03,140.22,-313.36,77.906
1898.7,-395.68,533.94,99.603,-285.76,129.39
1911.8,-464.24,524.89,49.385,-308.76,20.207
2021,-308.54,479.61,67.76,-298.24,65.201
2126.3,-416.81,427.87,101.13,-317.1,21.406
2203.3,-486.07,444.29,54.83,-364.37,124.37
1918.9,-300.4,509.4,84.593,-341.96,120.46
1766.7,-266.75,494.71,50.699,-224,102.3
1803.8,-215.38,489.1,45.443,-306.71,71.328
1911.8,-347.42,570.47,69.172,-275.27,186.82
1966.4,-198.14,570.37,62.063,-373.81,179.92
1715.4,-253.35,524.21,42.786,-223.93,142.8
1859.4,-418.8,529.89,65.203,-353.4,87.227
1670.8,-254.6,478.49,1.972,-264.1,110.68
1797,-340.11,528.14,56.121,-362.34,58.403
1976,-427.99,483.52,123.11,-233.37,9.8703
1718.1,-265.68,422.14,4.6973,-344.26,25.805
1874.5,-278.45,520.17,60.372,-274.99,105.95
2008.9,-266.74,473.55,40.159,-385.8,21.361
2171,-350.56,563.56,144.9,-360.24,120.03
1667.3,-202.45,455.64,56.558,-288.56,51.19
1858.1,-269.31,474.57,8.7465,-358.48,112.95
2071.4,-264.17,468.03,124.61,-281.06,66.318
1960.2,-367.43,410.5,113.9,-366.88,37.358
1857.6,-311.23,520.11,181.56,-373.53,36.334
2080,-276.69,514.31,41.543,-397.86,148.56
2241.3,-375.85,518.82,100.94,-326.35,91.841
2152.6,-434.31,522.66,95.994,-296.28,110.34
2273,-276.48,561.73,263.6,-261.4,176.62
1973.9,-391.79,478.08,62.667,-362.69,86.126
1952.3,-310.11,471.88,90.777,-324.6,83.829
2325.4,-328.5,523.6,34.552,-395.52,83.097
1805.5,-247.6,514.04,92.67,-319.84,112.57
1898.2,-322.24,452.08,112.47,-300.23,74.996
1867.2,-287.43,490.54,52.54,-330.77,55.868
1872.2,-207.38,511.87,39.158,-325.53,72.014
1946.1,-418.7,478.98,78.335,-305.94,75.563
1764.4,-479.56,476.43,65.48,-276.76,29.54
1994.1,-380.32,499.81,34.426,-375.77,50.721
2140.2,-377.89,561.07,120.71,-339.18,177.5
2085.9,-345.22,417.64,124.28,-410.62,32.498
1917.4,-396.44,428.17,63.73,-325.84,76.852
1807.7,-405.03,358.25,62.964,-329.95,-17.933
1971.3,-345.2,429.95,77.824,-271.14,96.624
2013.6,-299.19,420.92,94.146,-364.16,65.005
1909.2,-300.86,400.37,77.577,-341.44,55.253
1964,-438.85,555.9,64.095,-282.24,61.508
1859.4,-413.79,468.38,63.303,-292.24,45.166
1804.4,-338.46,479.47,9.5206,-240.86,111.67
1885.5,-417.36,496.53,108.05,-309.07,144.43
1710.7,-268.37,526.28,40.295,-264,164.55
2149.2,-394.15,522.36,62.212,-302.18,93.123
1609.4,-274.66,464.59,31.381,-277.69,50.396
1794.5,-257.35,517.29,40.186,-258.06,88.661
1860.2,-250.36,476.5,64.478,-260.41,82.277
1886.3,-289.6,546.95,65.934,-297.9,70.855
1671.1,-324.5,453.55,56.492,-335.92,-7.543
1837.7,-328.77,372.93,87.866,-284.89,13.702
1861.8,-389.83,510.91,42.74,-264.13,97.168
1970.7,-274.64,539.44,227.23,-337.87,49.217
1805.5,-317.23,474.12,51.31,-351.73,85.207
2048.4,-329.48,500.31,78.46,-375.91,115.41
2168.3,-422.43,487.42,64.54,-368.89,75.179
1956,-302.65,505.24,50.705,-288.99,128.78
1776,-237.16,483.46,29.078,-323.21,106.38
1885,-173.23,561.47,75.441,-395.47,119.44
1755.1,-238.26,500.22,98.328,-262.83,115.9
1954.3,-283.33,545.35,37.863,-288.92,54.444
1660.4,-259.73,420.72,78.998,-277.29,69.811
1846.3,-296.56,478.98,98.418,-344.62,76.021
1697.7,-266.04,418.58,73.493,-247,86.231
1905,-342.27,466.87,59.13,-362.68,98.082
1709.5,-240.37,450.18,83.442,-353.04,130.29
2172.8,-310.21,503.74,136.36,-346.42,76.178
1998.3,-300.24,521.14,72.55,-289.8,127.68
2028.3,-235.48,507.05,124.29,-386.58,33.792
2085.6,-372.74,522.83,109.13,-295.17,84.211
1781.7,-291.73,466.46,90.928,-316.08,72.058
1697.9,-327.85,501.76,22.294,-249.39,98.547
1929.1,-358.14,453.82,101.93,-304.23,93.277
1945.7,-364.96,484.48,73.5,-332.92,137.62
1986.6,-247.04,538.9,93.259,-350.31,159.01
1900.7,-218.61,433.26,45.133,-285.29,65.587
1806.2,-278.91,461.17,100.4,-326.51,53.64
1852.7,-296.76,544.24,91.158,-324.07,103.77
1876.7,-327.76,495.5,76.008,-338.37,108.75
2188.2,-345.34,490.88,97.247,-339.91,34.774
1879.9,-309.41,528.44,98.145,-365.86,140.36
1753.7,-312.02,468.23,45.228,-288.6,123.04
1766.5,-244.88,493.44,77.272,-277.94,114.56
2079.1,-527.54,507.49,83.078,-299.73,77.653
2203.1,-475.32,477.98,64.147,-304.12,113.87
1802.2,-245.53,520.13,32.633,-269.15,110.33
1763.8,-252.96,439.61,16.889,-349.59,62.436
1975.2,-298.13,474.76,106.14,-345.95,120.65
2059.5,-510.81,496.93,116.72,-354.59,160.24
1832.2,-458.79,487.48,38.662,-271.42,79.256
2119.5,-320.7,487.38,181.61,-408.18,84.097
1899.3,-341.34,502.38,34.896,-328.49,73.358
1975.9,-350.27,465.28,57.833,-312.63,50.501
2143.2,-352.18,446.85,130.33,-411.72,82.972
1915.1,-349.86,490.32,25.75,-300.2,55.404
1810.3,-348.11,509.77,104.42,-301.96,88.116
1997.7,-326.88,518.09,63.127,-393.47,91.88
1899.2,-336.32,563.92,60.536,-342.1,116.2
1979.7,-337.44,618.11,116.27,-300.64,190.64
1811.3,-299.78,438.14,-6.1406,-273.48,85.587
1998.1,-462.33,482.81,61.048,-333.66,83.975
1850.1,-323.99,423.57,45.966,-294.43,-18.822
1815.6,-227.11,479.35,79.525,-328.48,113.25
2570.9,-406.11,460.38,145.5,-258.52,85.508
1784.1,-208.51,550.9,88.649,-294.75,177.96
1928,-245.26,477.2,126.41,-269.71,115.47
1916.4,-371.07,491.49,66.003,-325.16,125.3
1789.1,-294.63,521.56,60.104,-247.83,156.08
1815,-283.65,525.24,65.216,-308.32,134.05
1956.6,-257.75,588.49,75.067,-370.63,163.86
1769.5,-207.61,546.92,78.78,-297.76,150.09
1901.2,-321.56,531.06,151.07,-338.73,29.892
2084.6,-431.54,442.51,61.715,-365.62,93.288
1962.8,-311.44,526.17,45.734,-284.23,147.6
1697.5,-176.52,436.65,113.66,-326.42,67.798
1635.2,-259.75,481.64,38.407,-248.41,101.07
1771.8,-276.7,488.8,35.831,-276.5,83.87
1832.9,-332.13,508.2,62.72,-321.12,99.33
1925.4,-329.62,517.33,36,-425.18,83.177
1875.4,-304.1,450.09,48.187,-307.76,92.283
1618.2,-312.61,453.18,91.451,-346.32,73.808
1741.9,-201.98,479.96,108.66,-273.94,58.051
2130.9,-333.04,532.39,135.18,-365.85,97.377
1760.2,-282.32,491.69,104.08,-330.21,113.85
2115.3,-341.95,485.66,151.9,-322.45,80.679
2038.7,-277.06,538.97,137.65,-273.82,129.2
1977.6,-297.49,533.63,45.02,-317.19,104.74
1983.3,-236.92,538.42,43.626,-300.21,104.78
1680.2,-192.17,479.48,32.774,-251.93,124.5
2163.3,-446.35,441.59,26.471,-319.85,68.493
2030.8,-302.83,496.59,90.502,-332.15,69.611
1817.5,-216.77,512.52,-2.4274,-279.84,104.74
2011.4,-388.22,414.24,71.851,-333.24,23.943
1669.4,-126.3,487.11,17.302,-274.13,107.33
1785.9,-368.33,447.96,146.25,-330.01,61.371
1756.8,-327.39,517.85,23.552,-307.21,117.93
2339.1,-409.31,553.14,128.75,-341.36,97.035
1886,-437.58,474.4,63.905,-332.51,92.64
1962.2,-350.44,534.08,75.856,-283.31,132.81
1760.1,-233.59,491.78,16.35,-300.97,120.11
1986.8,-345.16,506.45,75.399,-323.48,28.838
1958.7,-180.35,488.01,39.092,-359.86,116.78
1731,-231.5,500.61,14.06,-232.81,134.85
1835,-377.65,442.91,20.119,-378.51,95.496
1947.1,-396.5,575.68,66.593,-362.92,78.934
1673.6,-197.19,460.78,27.347,-257.87,93.425
1854.2,-262.71,535.74,25.846,-262.15,128.5
2281.7,-243.93,601.88,124.51,-359.74,121.73
1914.4,-218.12,457.38,129.2,-358.33,52.189
1771.7,-349.28,517.93,128.86,-385.85,27.911
1710.4,-259.29,496.07,41.093,-329.47,92.053
1723.1,-311.57,490.47,-5.569,-252.09,112.48
1717.4,-182.03,510.63,73.05,-308.98,76.887
2165.7,-525.51,539.48,47.735,-388.37,105.83
2057.8,-379.26,531.03,12.484,-285.82,92.218
1835.6,-304.36,571.58,68.828,-307.51,187.06
1891.8,-417.52,414.06,52.125,-365.5,19.331
1878.4,-182.76,431.01,70.834,-360.39,38.155
1777.4,-300.04,541.55,39.824,-329.37,94.308
1712.5,-445.46,505.5,53.084,-379.24,90.351
2043.1,-493.17,456,19.045,-324.53,83.769
1752.1,-184.07,548.66,100.67,-355.77,100.1
1860.1,-259.83,469.21,74.56,-425.77,38.289
1910.4,-258.36,504.57,110.39,-289.98,94.52
1913,-311.47,571.62,29.116,-342.67,126.47
1824.4,-320.15,527.38,63.457,-285.32,110.31
1835.4,-354.36,451.2,74.116,-330.94,61.675
2137.6,-307.76,497.48,171.64,-340.43,80.93
1780.1,-381.68,487.96,141.69,-337.02,107.38
2194.5,-495.84,465.38,93.346,-347.13,9.5258
1754,-298.63,569.82,12.794,-271.17,113.54
1827.2,-276.35,490.41,51.796,-285.46,68.581
1695.4,-297.62,554.98,101.7,-264.52,94.062
1790.4,-223.94,501.77,81.657,-312.98,96.451
1664.4,-272.57,449.68,-21.766,-327.04,75.201
2096.9,-420.24,513.41,101.79,-323.65,100.57
1796.2,-314.15,432.24,54.453,-269.57,32.029
1956.1,-381.84,504.18,73.633,-272.12,80.492
1789.7,-249.86,544.23,45.969,-324.72,119.78
1664.8,-253.82,450.59,19.005,-298.56,105.57
2152.2,-428.56,570.28,175.57,-351.89,106.4
1783.6,-327.87,545.84,36.871,-296.57,118.68
1909,-244.1,532.91,60.678,-282,87.215
1920.4,-381.37,414.87,79.384,-345.23,50.027
2023.1,-376.39,433.75,69.054,-306.52,76.265
1851.8,-383.73,516.83,28.763,-268.7,107.2
1778.1,-282.58,508.02,70.478,-300.78,88.746
1856.5,-299.72,511.65,103.5,-366.93,130.69
1923.9,-281.38,525.84,116.41,-310.63,122.5
1714.5,-201.13,454.35,103.11,-316.06,123.14
1826,-207.3,475.63,127.27,-271.16,96.107
1858.6,-190.67,491.23,103.81,-368.2,103.41
1927.6,-341.97,595.31,132.12,-302.73,87.739
1843.9,-380.97,479.98,126.88,-295.73,75.701
1716,-229.69,522.58,77.752,-258.33,104.37
1766.7,-345.08,384.27,92.037,-320.24,53.502
2017.8,-356.28,451.96,168.99,-288.88,103.49
2037.3,-344.24,505.53,99.309,-296.6,96.696
2219.4,-535.23,512.02,91.189,-298.65,150.39
1780.3,-316.23,485.4,100.55,-270.32,117.28
2190.6,-242.01,484.94,144.76,-331.2,147.47
1789.9,-289.95,487.09,53.768,-309.27,141.3
2141.2,-309.34,535.27,204.08,-351.67,128.01
1963.3,-217,523.43,128.24,-373.85,126.72
2053.6,-517.84,420.09,12.8,-278.87,70.948
1864.8,-319.46,513.89,191.65,-366.95,71.834
1732,-291.02,548.51,79.498,-222.71,92.066
1788.3,-310.09,486.76,134.9,-363.79,75.623
1895.9,-354.83,510.97,83.839,-300.46,95.758
1829.1,-264.26,402.71,27.704,-271.55,89.854
1842.4,-218.14,398.54,46.545,-337.84,116.39
1876.5,-299.52,458.6,71.715,-329.23,76.582
1818.6,-329.7,488.34,95.302,-261.43,65.819
1761.9,-283.29,429.42,84.631,-253.46,57.956
2136.1,-361.08,484.08,170.07,-379.38,11.84
1913.9,-375.55,515.8,75.987,-267.05,115.13
1858.4,-200.85,500.45,71.697,-351.68,118.45
1973,-270.09,505.67,96.132,-247.58,130.19
1784.4,-336.46,555.14,105.14,-263.06,37.324
2054.1,-386.25,412.98,85.005,-323.74,11.236
2049.6,-309.62,509.76,94.157,-325.84,140.81
1593.5,-218.63,444,17.026,-260.85,85.726
1772,-279.08,444.14,2.2202,-323.41,105.7
1786.5,-335.09,475.26,11.114,-265.58,58.317
2106.9,-231.9,500.15,114.29,-375.1,115.38
1724.2,-318.6,472.74,14.62,-254.65,112.46
2015.5,-305.75,462.24,54.655,-342.97,60.744
1905.1,-426.64,478.04,16.241,-284.85,35.913
1714.7,-280.52,498.94,87.047,-235.1,83.742
1658.1,-201.59,511.49,115.79,-316.96,41.797
2124.7,-320.57,514.31,91.447,-296.2,141.13
1880.4,-346.25,459.25,47.713,-275.74,49.778
2130.4,-275.2,455.42,100.4,-246.86,67.681
2029.2,-263.46,504.72,161.03,-311.25,123.8
1914.8,-262.91,449.45,92.867,-287.64,61.142
1824.1,-287.88,470.44,94.72,-350.53,79.283
1731.2,-231.92,476.21,119.12,-286.39,82.12
2255.6,-379.26,533.81,104.95,-361.18,109.23
1678.4,-313.07,429.58,-1.688,-336.85,51.5
2140.8,-208.35,484.66,121.65,-351.28,50.343
2483.5,-312.02,492.38,210.31,-362.75,93.627
1994.2,-330.5,575.96,85.687,-301.2,118.2
1744.7,-313.1,558.45,105.67,-270.54,109.38
1659,-244.29,487.89,60.457,-237.72,110.18
2124.4,-200.33,433.62,168.86,-420.99,50.07
1970.4,-502.25,498.63,48.797,-284.43,126.89
2162.9,-446.1,462.28,86.783,-355.59,38.15
1594.9,-201.19,411.26,58.768,-280.69,100.59
1897.7,-421.16,534.97,60.519,-320.15,87.493
1767.5,-247.21,486.42,116.94,-322.67,119.99
1830.9,-335.55,497.4,67.523,-311.94,123.79
1871.8,-378.86,469.97,163.4,-349.22,50.393
1875.7,-386.22,464.81,55.386,-288.28,102.23
2157.8,-271.06,526.73,106.55,-284.21,70.742
2014.4,-428.1,504.71,129.75,-285.52,85.47
2006.1,-301.08,436.56,132.28,-333.61,85.333
1660.1,-286.84,466.96,152.27,-335.66,79.476
1707.9,-339.84,433.6,-7.5728,-315.71,61.842
1693.5,-277.86,509.78,70.855,-275.73,148.61
1769.7,-241.97,445.31,102.5,-331.58,59.517
1676.4,-386.43,420.26,60.295,-293.63,41.477
1759.7,-340.68,524.53,44.759,-285.83,81.899
2074.9,-438.51,509.97,104.41,-293.09,92.786
2150.1,-354.52,560.25,174.04,-259.7,106.64
1814.2,-274.65,454.01,109.89,-300.74,59.428
1964.8,-414.24,378.98,96.89,-310.61,100.02
1858,-237.64,471.27,109.16,-263.01,122.61
2041.9,-416.86,468.27,46.43,-276.45,90.691
2272.6,-265.24,434.53,165.86,-344.2,106.6
1995.2,-407.12,490.93,97.33,-288.58,117.9
2048.8,-376.17,519.89,28.898,-280.68,67.381
1961.7,-310.69,484.13,103.24,-251.84,118.92
1639.7,-217.87,453.98,38.338,-319.96,92.591
1935.9,-414.11,489.09,108.8,-276.13,73.631
1773.1,-132.69,434.94,76.188,-374.84,128.59
2041.2,-321.62,516.31,78.053,-388.68,21.674
1790.9,-331.64,497.02,74.275,-340.8,39.386
1774.4,-220.23,489.05,144.89,-272.25,116.82
2165.3,-433.88,495.06,140.82,-308.53,88.65
1864.5,-277.67,452.22,121.58,-275.87,56.365
1895,-328.89,540.74,55.778,-287.16,130.79
1941.1,-316.07,437.83,93.681,-353.72,115.58
1930.1,-366.87,491.64,131.55,-358.68,32.207
1782,-297.92,457.72,79.482,-295.54,95.536
2237.1,-511.71,497.64,99.31,-364.24,103.39
2010.9,-387.47,478.09,92.219,-332.92,57.726
1858.8,-370.54,479.24,25.76,-259.75,61.33
2055.9,-328.68,502.45,37.385,-360.7,88.303
2214.9,-266.88,474.24,155,-311.06,72.147
1646.9,-336.11,439.91,149.5,-361.96,81.514
1859.1,-375.1,493.82,113.99,-329.39,88.948
2168.6,-188.06,430.79,143.02,-367.17,90
1780.5,-311.37,498.72,127.39,-302.39,94.083
2196.2,-368.65,491.8,138.43,-380.44,69.618
1928.1,-308.46,497.34,72.124,-313.96,104.36
1821.6,-243.34,373.34,68.588,-266.67,-7.4417
1880.8,-323.17,459.63,79.798,-328.95,101.98
1845.8,-261.91,525.65,101.77,-292.67,93.592
1791.7,-209.59,560.5,77.222,-281.3,113.11
1812.2,-331.51,458.53,7.8945,-339.15,113.77
1775.8,-296.19,566.39,74.387,-339.22,96.741
2094.7,-372.46,539.86,113.99,-362.39,55.374
2022.5,-318.98,428.76,-5.5386,-335.41,104.32
2599.7,-411.98,502.39,168.5,-325.94,136.25
1804.7,-233.05,499.46,25.707,-308.79,123.93
1625.3,-216.32,471.53,40.45,-251.62,131.79
1911.2,-383.91,524.13,107.09,-353.34,91.804
1980.2,-470.16,484.14,98.484,-287.83,58.984
2227.2,-397.55,512.46,122.09,-326.41,74.49
1864.7,-220.05,465.69,126.31,-352.26,96.73
1825.1,-242.02,500,65.53,-279.7,104.58
1792.4,-286.38,397.58,100.3,-303.83,72.963
1973.7,-268.64,543.34,30.183,-285.94,185.07
2021.7,-326.7,473.08,131.48,-375.04,79.022
1765.2,-196.52,487.59,66.101,-224.18,98.025
1752.8,-205.22,464.15,71.336,-301.98,64.259
1737.7,-358.07,423.88,35.34,-221.28,60.19
1922.9,-394.73,462.33,35.919,-332.7,13.278
1558.1,-165.81,433.48,75.974,-302.26,97.908
1778.9,-301.11,503.36,128.28,-324.85,-0.89657
2098.9,-424.47,506.54,103.48,-335.57,67.702
2072,-390.68,468.4,141.54,-364.84,44.329
1801.9,-208.67,473.65,25.618,-233.72,99.069
1921.1,-371.34,544.24,46.165,-255.68,139.58
1772.4,-209.95,497.58,51.927,-284.49,103.25
1676.7,-342.38,516.45,68.278,-264.54,98.492
1772.5,-303.53,448.63,42.107,-270.07,59.374
1866.1,-288.88,491.35,38.78,-273.43,92.233
1878.2,-369.17,462.57,78.046,-271.76,85.996
1963.8,-417.91,510.42,47.66,-320.42,82.882
1833.4,-257.41,434.34,56.186,-317.73,111.77
1851.7,-394.42,525.71,0.58809,-263.05,103.48
2002.1,-334.84,586.62,147.9,-312.87,142.93
1634.5,-350.14,475.32,75.423,-266.79,57.925
1854.9,-314.94,466,128.55,-311.31,92.239
1712.4,-222.5,529.93,73.244,-287.75,107.47
1850.7,-310.16,496.62,60.119,-281.77,91.372
1637.4,-204.32,510.3,96.021,-257.4,55.974
2044.3,-321.43,564.28,41.991,-266.83,121.43
1936.3,-418.76,461.13,97.074,-330.89,54.364
2006.9,-396.39,519.73,66.41,-319.43,75.332
1794.8,-251.59,501.1,89.112,-345.48,33.147
2130.7,-396.03,470.97,54.758,-288.38,66.635
1923.7,-238.62,531.81,27.118,-321.34,119.64
1676.4,-210.14,516.86,121.64,-288.95,93.861
1864.9,-423.9,470.61,87.43,-247.54,83.337
1919.6,-442.54,449.54,80.999,-363.09,7.4899
1945.9,-225.61,551.67,88.486,-283.1,194.45
2023.5,-449.83,421.55,78.326,-305.44,3.6201
2091.2,-446.12,441.85,80.302,-335.6,49.602
2116.1,-328.05,537.79,175.95,-339.04,97.41
2167.3,-426.5,545.47,93.223,-381.94,93.98
1846.8,-333.01,492.87,72.241,-296.94,142.48
2003.9,-476.14,452.76,64.184,-344.03,91.569
2123.6,-406.41,444.3,64.255,-355.87,95.478
1968.4,-222.22,454.19,116.99,-322.48,106.2
2638.8,-242.68,389.15,120.41,-338.7,63.044
1978,-429.77,535.81,122.32,-274.55,73.594
1814,-277.64,529.43,80.915,-255.35,135.25
2007.1,-233.94,515.06,128.03,-300.94,123.14
2135,-486.96,496.15,149.64,-349.89,51.103
1825.7,-320.67,530.04,62.928,-267.71,75.454
2034.9,-404.5,575.84,98.184,-322.43,134.46
2095.4,-377.32,549.24,85.198,-336.1,81.403
1970.9,-304.61,509.06,91.174,-278.98,55.733
2108.8,-350.86,518.44,139.68,-317.8,151.93
1790.8,-267.45,490.08,60.669,-315.89,68.919
1941.3,-386.71,520.23,99.661,-290.23,54.534
2170.2,-488.46,450.02,116.48,-307.05,27.781
2236.2,-397.5,511.94,130.81,-264.84,185.16
1841,-332.89,500.77,107.61,-305.76,96.056
1767.2,-352.97,497.2,129.76,-341.46,59.364
2057.1,-315.37,566.29,68.201,-309.18,133.86
1541.9,-245.51,521.08,97.798,-287.43,135.97
1986.1,-439.77,416.99,112.99,-328.09,47.899
2038.4,-315.62,477.08,107.46,-356.4,25.198
1862.4,-296.56,479.93,111.65,-283.75,51.13
1860.1,-376.53,426.94,97.291,-241.38,99.248
1790.3,-331.23,432.84,47.822,-335.26,91.06
1585.7,-307.24,518.01,70.393,-279.29,116.56
1908.9,-357.25,471.73,91.075,-344.5,51.713
1709.1,-325.89,444.45,92.151,-246.87,21.396
1868.5,-343.78,510.65,116.23,-346.69,107.86
1919.6,-246.48,421.07,81.565,-339.81,47.998
1905.2,-295.46,540.08,72.54,-293.91,155.43
1639.2,-320.21,551.3,71.641,-268.23,136.09
1786.8,-369.37,466.5,42.719,-257.88,73.877
2089.1,-336.48,502.72,131.17,-303.09,82.391
1897.1,-367.08,518.67,47.947,-331.56,110.68
1911.1,-317.81,500.8,126.97,-340.07,59.943
1962.6,-311.44,491.74,83.179,-333.56,109.11
1904.3,-380.46,567,117.55,-356.78,100.41
1756,-283.34,469.61,46.283,-356.76,25.374
2127,-323.02,447.01,128.18,-367.71,64.336
1835.7,-380.62,519.79,45.738,-255.85,115.77
1998,-450.73,552.52,116.61,-295.71,88.113
2182.3,-362.19,497.92,117.81,-379.21,18.381
1880.3,-425.1,558.35,-3.2526,-280.57,101.29
1581.4,-347.01,499.79,98.342,-282.18,68.191
1942.3,-348.18,495.85,79.244,-392.29,94.008
1951.2,-492.34,393.63,70.476,-280.16,23.767
1744.6,-420.32,550.16,137.38,-277.13,161.05
1666.3,-240.08,526.88,41.458,-254.4,122.96
1754.9,-382.53,527.5,-6.6345,-261.6,97.921
1978.2,-491.08,503.63,137.94,-433.25,29.001
1832.1,-323.7,541.6,137.52,-322.79,96.471
1833.1,-382.08,468.18,29.736,-326.96,60.419
2213.1,-414.02,568.32,126.17,-294.61,164.44
2000.7,-419.85,570.78,102.25,-226.45,66.23
1885.2,-389.8,524.82,18.515,-314.77,83.764
2098.1,-278.57,500.96,73.713,-353.77,134.76
1839.6,-305.9,439.6,75.385,-259.7,82.127
1760.2,-278.67,455.93,41.25,-232.02,73.858
1732.4,-254.2,502.67,90.564,-288.6,103.26
1877.9,-310.18,547.24,87.625,-358.54,60.54
1873.1,-347.54,551.54,65.795,-361.7,132.35
2119.3,-507.97,476.06,117.68,-353.73,39.85
2392.7,-382.66,438.49,212.64,-289.32,84.179
2125,-342.3,470.52,133.63,-309.85,98.042
2062,-429.75,537.22,51.544,-339.69,61.671
1794.7,-204.62,566.02,45.691,-297.84,176.34
2079.2,-298.08,604.62,107.49,-329.76,113.99
1954.6,-184.46,487.3,83.461,-368.9,114.82
1870.1,-247.64,424.9,105,-286,68.884
1825.2,-238.61,474.25,50.011,-277.1,129.13
2038.3,-379.69,488.67,133.36,-388.74,10.93
1775.1,-255.48,432.28,99.591,-371.21,-9.5947
1995.7,-251.57,456.77,93.275,-340.11,7.4897
2011,-210.47,528.71,107.58,-328.87,95.358
1839.3,-213.81,498.41,116.53,-300.57,143.56
2086.1,-413.27,495.21,96.799,-325.46,98.975
2050.4,-295.48,453.56,36.053,-362.42,90.996
1825.6,-278.41,485.23,72.135,-332.58,136.89
2179.7,-360.65,509.91,171.58,-269.34,109.02
1797.4,-243.22,551.86,163.28,-354.19,36.55
1539.4,-288.88,465.01,105.75,-274.15,83.358
1615.6,-305.27,431.12,5.0062,-289.52,53.431
2018.2,-429.73,445.51,135.59,-259.06,30.463
1770.8,-373.37,527.02,60.818,-280.26,87.756
1923.4,-452.32,447.95,44.494,-335.48,69.311
1814.8,-311.49,564.98,177.53,-321.89,76.888
1775.7,-184.86,449.81,96.32,-350.18,40.664
1955.4,-339.85,420.23,73.263,-300.51,28.551
1831.5,-309.01,460.17,20.81,-247.53,81.488
2062.4,-380.87,519.06,164.46,-336.19,52.751
1973.1,-416.04,525.87,110.92,-305.68,16.604
1973.7,-493.6,429.08,53.773,-325.65,39.113
1718.4,-261.96,480.06,78.755,-342.38,48.511
1853.2,-421.47,467.06,100.66,-333.39,118.4
1945.2,-399.17,495.36,110.39,-334.5,49.886
2142.6,-262.84,535.72,132.53,-218.21,96.278
1674.4,-361.56,433.66,101.35,-326.98,54.509
1799.4,-382.57,456.46,138.17,-302.77,59.277
2066.9,-272.91,499.98,99.231,-342.7,73.511
1778.4,-348.07,498.61,161.52,-389.67,38.142
1708.7,-257.88,438.35,51.18,-278.82,93.211
2187.1,-414.97,486.93,64.18,-295.79,116.61
1877.2,-327.9,546.83,85.181,-316.95,139.35
1949.8,-510.56,468.95,67.161,-269.1,126.58
1700,-171.53,495.54,78.988,-259.77,73.684
1918.6,-330.51,487.02,54.052,-246.17,99.511
1700,-185.6,519.43,114,-287.17,149.51
1831.3,-204.48,473.17,57.092,-195.46,55.954
1794.6,-301.96,551.14,82.92,-326.97,115.28
1883.4,-308.44,434.27,78.018,-251.6,129.99
1948.9,-418,482.09,58.766,-270.15,125.88
2226.3,-456.38,509.63,63.289,-358.54,166.08
2184.1,-453.91,510.31,115.76,-302.9,30.274
1993,-370.91,470.49,125.11,-291.8,118.5
2047.7,-402.44,457.55,132.16,-383.51,93.4
1973.6,-389.13,518.66,59.704,-278.68,76.783
1662.9,-187.45,498.92,149.22,-294.11,63.5
1922.4,-363.99,439.62,88.14,-321.17,83.092
1985.4,-279.01,511.93,37.111,-335.26,117.17
1820.4,-503.41,463.18,112.25,-220.53,120.3
2135.6,-327.66,516.88,84.692,-278.23,93.558
1766.4,-342.71,490.33,55.499,-302.51,127.24
2179.9,-352.01,513.48,73.826,-316.81,125.01
1994.4,-294.88,498.92,147.86,-278.87,135.94
2071.3,-291.36,557.34,106.81,-263.03,199.71
1763.4,-302.48,549.44,106.91,-270.81,127.95
1956.4,-226.76,499.9,101.87,-329.06,115.55
1940.8,-289.1,413.83,30.676,-336.27,51.466
1740.4,-313.66,530.6,71.03,-197,115.56
1770.4,-308.51,470.46,38.701,-282.71,106.62
1852.8,-251.17,497.96,111.53,-293.12,108.41
1809.2,-255.43,528.37,110.3,-267.4,109.67
2024.1,-233.88,434.69,28.711,-354.39,51.62
1762.9,-157.43,515.71,116.58,-230.9,64.648
1665.6,-297.16,508,15.612,-277.67,80.139
2066.2,-363.92,551.93,165.37,-329.23,81.959
1687.9,-216.1,495.34,79.428,-268.6,51.517
1896.6,-333.34,428.4,96.862,-248.83,56.502
2016.2,-349.74,498.34,184.14,-383.92,37.254
2017.9,-267.23,568.98,147.38,-322.33,107.61
1915.3,-160.27,488.83,127.27,-260.4,99.227
1636.1,-215.53,473.46,28.52,-277.88,105.59
1794,-235.49,508.15,37.813,-258.77,106.28
1840.1,-362.24,496.44,49.499,-218.59,78.529
1726.3,-300.73,468.53,103.82,-243.55,98.266
1887.2,-215.65,549.61,71.337,-258.22,230.24
1664.7,-238.56,431.74,72.372,-244.29,78.238
1907.2,-303.97,554.27,197.5,-279.21,192.23
1807.6,-225.93,520.02,43.813,-233.54,124.4
1808.6,-206.52,506.64,98.2,-263.63,136.05
1744.4,-379.98,476.72,115.39,-270.79,99.069
1591.7,-225.03,514.44,105.12,-277.84,55.485
1585.9,-201.38,463.97,92.347,-288.9,49.101
1793.5,-329.57,523.51,107.74,-222.41,97.783
1754.5,-369.24,622.55,63.493,-252.2,141.84
1814.9,-267.46,463.2,81.685,-296.19,157.88
1624.4,-220.99,532.49,68.105,-251.39,83.056
1740.9,-257.84,402.86,164.27,-308.36,74.294
1869.4,-327.11,500.21,54.433,-263.23,102.93
1815.6,-328.8,440.7,43.475,-320.37,74.868
2006.8,-196.68,486.88,25.125,-350.86,73.768
2000.3,-341.09,498.92,75.868,-313.82,117.04
2114,-182.06,523.13,151.49,-291.61,152.85
2111.2,-274.87,461.12,139.48,-270.95,89.419
1630.4,-172.03,443.68,65.462,-346.04,26.637
1661.5,-292.34,479.84,74.454,-266.63,58.15
1737.5,-295.68,431.01,40.495,-291.91,82.25
1975.1,-417.78,553.59,75.76,-247.2,87.193
1803.8,-308.25,521.46,71.347,-302.63,79.932
1765,-335.4,411.64,87.074,-293.35,74.988
1993.2,-288.2,562.81,113.7,-289.07,77.414
1813.5,-389.21,497.99,130.09,-287.37,107.09
1923.9,-323.76,506.12,30.68,-239.38,107.84
2110.8,-315.83,536.26,201.66,-370.08,136.71
1718.3,-298.23,492.37,132.8,-278.33,74.911
1717.6,-346.96,488.98,32.488,-207.14,93.415
1761.7,-289.42,504.32,105.14,-336.24,125.62
1616.3,-266.47,466.63,37.046,-259.71,46.086
1813.4,-343.03,556.15,121.96,-309.98,105.15
1877.1,-195.22,497.18,98.396,-265.49,155.12
2538,-292.04,477.36,119.87,-254.93,131.07
1930.6,-435.09,489.76,98.552,-283.97,159.78
1773.6,-262.74,534.3,169.57,-245.01,63.529
1945.7,-261.52,544.36,118.69,-338.37,117.04
2149.3,-260.76,524.13,205.57,-296.82,108.84
1704.8,-259.66,482.6,44.591,-236.76,97.073
2026.6,-202.53,491.51,140.54,-350.74,98.43
1661.6,-180.59,486.4,33.884,-249.3,93.526
1819,-368.12,542,96.702,-264.45,94.129
1858.5,-290.41,474.42,65.256,-304.36,94.033
1836.2,-278.63,424.17,84.44,-297.7,39.675
2024.7,-170.46,515.73,109.37,-284.59,47.367
1728.4,-328.94,491.51,38.442,-279.3,87.482
1846.4,-246.61,443.67,69.995,-254.53,91.412
1707.1,-301.23,538.42,55.557,-283.02,149.1
1738.9,-368.52,528.3,79.414,-317.39,96.702
1710.4,-219.41,456.63,97.786,-282.57,26.771
1983,-354.84,481.7,70.131,-316.9,112.3
2166.7,-245.82,405.06,89.046,-277.81,115.57
2023.2,-211.88,451.06,72.855,-337.33,60.279
1981.9,-433.64,474.39,119.75,-338.83,78.086
2520.3,-377.08,446.15,90.121,-361.05,88.905
1841.3,-357.79,380.99,129.94,-332.37,80.514
2361.7,-375.36,332.76,127.89,-262.69,-64.388
2215.9,-353.83,433.71,66.007,-285.71,42.312
2073.9,-135.45,420.81,45.317,-409.75,145.45
1947.3,-184.39,417.32,132.88,-317.22,111.28
2463.5,-357.83,446.6,38.671,-299.2,58.977
2186.3,-344.18,402.04,111.13,-296.44,50.713
2038.2,-285.16,416.75,110.81,-362.82,110.04
2521.3,-414.65,445.07,158.98,-332.26,73.054
2337.4,-373.92,461.49,136.64,-283.64,106.27
2013.9,-297.32,450.78,55.264,-351.45,54.57
2284.8,-308.51,426.95,97.313,-239.19,72.767
2214.8,-321.09,402.7,93.892,-319.24,123.38
2509.7,-395.35,503.46,30.221,-368.7,119.7
2434,-515.76,418.38,102.25,-222.28,14.607
2218.5,-447.39,396.8,92.022,-332.51,56.276
2167,-283.2,469.86,108.26,-352.57,106.51
2310.5,-218.63,481.55,160.01,-242.63,92.6
2501.2,-385.13,360.86,102.47,-346.48,34.327
2439.4,-329.15,408.09,105.01,-247.16,20.875
2452.7,-369.29,433.24,68.844,-308.65,40.42
1868.2,-317.59,458.67,104.83,-357.67,56.984
2339.9,-207.39,461.77,107.33,-315,91.013
2590.4,-148.65,433.48,101.45,-221.43,160.64
1985.3,-237.37,425.05,99.792,-337.96,151
2367.6,-307.31,509.05,118.03,-261.32,119.58
2538.4,-387.51,502.29,175.2,-319.18,90.831
2488.3,-372.52,424.57,120.01,-287.62,73.225
2428,-389.37,444.25,50.83,-238.61,82.153
2318.5,-185.21,492.44,65.99,-362.49,80.604
2529.7,-350.67,437.07,85.117,-303.17,83.572
2570,-384.5,352.37,169.92,-302.87,-11.386
2074.2,-260.74,370.38,92.522,-358.48,57.42
2335.8,-277.55,502.5,83.507,-319.8,74.326
2305.4,-297.56,377.35,63.382,-311.27,48.821
2354.5,-394.85,428.34,126.82,-300.76,113.95
2534.7,-178.83,419.01,70.397,-312.83,38.843
2202.1,-469.99,373.59,43.683,-194.41,22.071
2625.2,-344.02,399.78,67.584,-284.1,81.22
2054.2,-89.476,408.4,89.874,-346.36,123.93
2510.2,-302.36,449.16,147.58,-344.08,95.426
2360.7,-499.66,346.88,24.8,-333.6,54.135
2843,-444.9,420.35,181.77,-322.79,45.65
2475,-318.51,413.02,143.21,-292.45,93.071
2384.3,-330.73,426.86,75.567,-295.59,50.17
2270.3,-313.29,442.44,78.714,-260.05,97.496
2424.7,-496.15,325.8,154.62,-284.24,79.18
2221.8,-239.7,452.3,69.342,-326.27,135.65
2012.2,-360.47,402.99,107.52,-282.85,60.57
2657.5,-377.52,422.21,181.45,-246.68,110.69
2281.9,-413.82,477.31,58.275,-302.22,35.571
2203.9,-213.18,481.77,73.088,-370.96,127.28
2285.6,-337.61,458.31,116.96,-342.56,72.039
2185.5,-452.72,482.8,49.877,-317.48,73.815
2247,-183.2,394.58,48.08,-299.28,82.474
2131,-288.76,489.91,-1.5432,-380.11,71.596
2444.3,-407.7,457.94,116.08,-310.31,77.441
2412.1,-272.53,406.4,140.73,-381.11,121.94
2204.5,-259.72,414.98,78.659,-315.55,32.363
2190.7,-338.2,425.96,131.53,-385.07,20.272
2165.9,-140.71,449.48,50.631,-292.27,104.55
2292.2,-254.72,419.44,81.069,-337.47,92.465
2374.8,-452.87,466.18,53.911,-255.62,73.037
1967.6,-276.91,498.15,44.64,-330.26,125.06
2328.7,-288.35,442.67,36.107,-322.74,17.492
2319.5,-228.4,420.43,120.25,-294.9,144.99
1973.4,-48.234,469.04,82.475,-360.4,95.984
2167.9,-377.44,473.82,76.343,-298.62,60.813
2719.2,-323.51,451.27,137.92,-196.84,54.794
2267.8,-374.77,457.81,61.551,-261.79,116.16
2622,-480.77,393.6,96.838,-178.76,-12.909
2464.4,-203.63,387.1,116.96,-209.89,51.606
2088.6,-377.3,442.52,59.135,-333.46,80.848
2187.3,-374.37,470.3,134.84,-284.84,59.104
2206.9,-258.52,416.06,123.44,-299.31,79.842
2278.9,-328.74,464.24,58.834,-305.89,119
2427.9,-455.15,424.69,95.15,-322.69,63.564
1916.5,-247.04,425.81,23.326,-317.75,75.443
2553.1,-234.94,360.65,46.837,-326.49,63.931
2381.1,-155.89,460.45,55.967,-387.13,100.35
2373.9,-577.18,353.57,0.54883,-287,-17.421
2375.3,-426.86,408.51,131.5,-322.2,64.011
2085.3,-380.39,374.68,114.13,-362.35,59.534
2425.9,-261.93,490.47,70.538,-293.16,135.76
2408.9,-455.62,415.94,42.052,-310.21,59.248
1981.4,-293.76,442.33,49.266,-288.15,36.224
2038,-206.1,416.44,72.198,-262.91,87.918
2444.8,-385.09,427.1,68.563,-277.43,41.355
2284.8,-209.38,482.29,58.359,-374.18,124.11
2245.6,-556.88,403.57,52.133,-308.85,8.934
2408.4,-361.08,423.32,34.004,-301.68,84.848
2197.8,-254.29,423.19,41.735,-256.97,71.638
2286.3,-330.07,510.7,18.002,-343.67,109.42
2228.6,-190.22,477.68,95.739,-302.13,152.92
2360.7,-303.02,567.17,40.334,-296.15,189.7
2297.3,-339.25,402.73,79.115,-273.74,157.06
2913.8,-218.17,403.16,127.62,-313.64,73.586
2282.9,-268.06,447.72,70.044,-311.08,112.79
2630.4,-541.05,511.34,79.85,-248.06,51.417
2179.7,-156.46,344.51,101.53,-340.42,73.486
2644.9,-197.11,401.85,82.911,-420.78,148.71
2310.5,-256.76,418.89,130.51,-253.05,117.68
2248.3,-470.18,376.97,98.655,-266.06,-15.231
2245.5,-365.57,469.77,45.286,-274.28,67.383
2075.2,-230.76,437.39,48.06,-287.58,143.2
2605.1,-361.19,404.42,194.6,-406.54,61.991
2194.8,-374.46,385.98,98.189,-214.09,69.552
2271.7,-358.96,452.29,134.14,-261.33,52.491
2353.6,-256.46,388.42,139.84,-240.45,98.778
2123.1,-303.24,543.2,96.878,-373.1,126.1
2087.6,-360.91,442.91,61.19,-292.05,87.5
2612.2,-321.16,349.76,114.3,-253.76,89.604
2359.7,-328.18,473.82,104.71,-292.86,103.22
2597.6,-325.04,429.7,82.678,-224.26,51.842
2525.1,-435.55,449.69,61.035,-353.74,28.651
2404.8,-398.05,529.97,69.921,-287.95,82.464
2435.3,-206.14,433.23,93.364,-326.35,104.64
2224.2,-319.82,373.39,74.925,-217.33,55.257
2602.4,-377.14,421.46,130.29,-288.31,102.34
2581.2,-350.52,410.56,139.4,-269.65,62.865
2265.7,-255.82,365.55,101.5,-238.21,66.271
2594.7,-459.1,400.89,83.12,-301.8,33.321
2452.7,-313.41,395.11,57.733,-326.99,106.16
2626.1,-400.98,384.08,50.126,-231.09,42.325
2408.4,-250.41,408.36,74.594,-349.42,93.899
2528.7,-383.64,379.29,137.42,-412.36,84.78
2167.7,-250.04,494.05,25.705,-352.26,91.925
2225.3,-229,436.36,69.244,-321.09,88.862
2186.1,-351.47,467.55,31.446,-290.89,71.713
2239.3,-414.1,489.46,180.42,-373.56,111.85
2384.9,-184.78,392.94,30.612,-336.22,104.33
2381.9,-481.95,427.67,66.996,-298.68,-40.704
2426.8,-391.12,399.07,60.426,-245.2,31.118
2243.7,-342.15,416.8,29.573,-351.48,65.097
2154.4,-255.64,391.47,51.701,-312.99,35.006
2342,-223.53,321.89,156.99,-465.08,47.599
2230.6,-311.91,453.7,101.65,-344.03,114.19
2262.6,-387.75,437.71,34.474,-359.26,97.906
2414.9,-389.32,459.91,-42.629,-329.52,63.387
2283.7,-426.81,443.91,7.3238,-232.44,52.498
2334.1,-197.77,417.05,85.052,-240.46,67.885
2438.5,-197.46,413.69,70.741,-307.02,78.366
2038.4,-373.98,398.23,120.62,-306.8,128.12
2312.4,-311.14,345.4,186.08,-246.59,77.106
2416.6,-360,396.32,111.98,-327.6,69.93
2616.5,-285.39,413.29,83.118,-234.31,70.343
2557.4,-406.66,426.64,115.06,-297.59,37.629
2303.5,-485.42,444.73,226.77,-268.63,-24.87
2367.7,-423.11,507.82,81.033,-242.25,95.76
2370.2,-310.66,468.69,105.1,-347.28,114.61
2560,-500.11,373.4,176.24,-228.31,6.6185
2291.3,-433.76,452.71,60.059,-352.45,80.867
2306.5,-427.81,372.73,105.81,-229.61,40.231
1930.6,-224.93,445.71,27.088,-285.37,95.881
2380.2,-265.33,411.68,62.862,-313.76,74.113
2512.1,-202.22,449.69,10.869,-361.05,109.77
2221.7,-425.65,466.21,51.107,-292.15,65.219
2525.1,-332.23,390.02,92.572,-286.9,85.767
2678,-235.09,439.94,113.03,-362.38,86.828
2724.9,-286.89,434.94,121.83,-394.41,112.16
2037.5,-311.9,411.98,57.05,-244.39,101.1
2562.6,-356.94,446.02,130.9,-242.56,121.41
2482.6,-310.97,403.18,58.292,-402.55,51.769
2763.8,-216.72,399.74,75.783,-370.33,86.559
2268.5,-387.55,390.99,67.157,-318.15,69.212
2145.1,-349.17,487.6,124.35,-336.94,97.444
2127.5,-312.73,426.4,74.198,-296.86,71.511
2356.3,-370.73,436.59,159.65,-259.38,49.981
2448.6,-215.99,447.35,104.78,-326.34,121.34
2189.4,-323.05,370.14,63.919,-258.56,28.5
2339.5,-290.08,479.59,49.586,-332.29,126.57
2349.2,-339.19,379.79,46.106,-287.95,39.249
2236.2,-328.36,489.67,25.977,-371.09,84.358
2169.2,-269.93,456.09,93.202,-345.26,57.65
1842.7,-300.8,461.55,49.825,-343.05,34.682
1988.2,-335.42,338.36,110.23,-285.76,52.299
2241.3,-239.36,470.73,188.7,-371.02,100.69
2256.8,-367.93,488.63,57.34,-277.1,68.655
2396.9,-228.15,416.13,87.625,-324.44,107.41
2614.9,-449.29,435.18,130.26,-293.2,33.616
2354,-322.87,433.54,74.8,-301.89,113.65
2483.9,-232.2,487.1,84.423,-294.69,98.186
2688.4,-435.09,470.82,118.23,-289.79,77.998
2256.3,-451.65,474.39,46.358,-289.71,53.407
2618,-462.26,476.45,68.082,-294.93,37.356
2255.7,-380.4,392.89,134.29,-259,80.248
2059.7,-96.053,497.95,85.407,-367.25,131.78
2237.3,-328.34,439.51,80.428,-340.72,71.308
1951.8,-415.92,415.2,6.9642,-302.95,37.613
2899.9,-514.46,385.8,131.4,-19.991,-46.061
2061.8,-297.71,467.35,32.762,-308.02,78.94
2028.1,-336.64,419.08,42.103,-241.04,127.62
1932.3,-178.74,459.96,88.447,-346.53,77.164
1944.1,-240.35,494.57,50.703,-362.7,86.513
2545.3,-335.83,377.58,112.71,-357.55,48.276
2259.5,-417.54,441.04,122.18,-353.56,133.69
2150.9,-214.16,443.64,-0.7807,-340.85,111.6
2590.7,-316.17,436.79,73.673,-322.5,118.21
2703.1,-275.04,475.64,184.11,-348.95,93.539
2333,-374.37,438.04,114,-240.27,49.669
2404.4,-327.2,528.79,107.47,-337.4,96.563
2484.5,-414.65,387.33,42.089,-276.45,39.887
2674.8,-308.08,431.51,88.991,-328.84,124.04
2143.6,-245.13,385.62,73.378,-274.3,139.48
2311.7,-368.83,436.43,31.837,-334.7,85.548
2563.7,-385.55,394.36,87.604,-261.91,50.053
2250.5,-357.75,389.92,64.336,-327.23,79.637
2196.7,-312.25,432.43,55.254,-385.8,28.713
2241.3,-352.81,463.94,211.49,-503.66,40.057
2426.3,-226.66,409.31,89.888,-316.16,89.078
2272.1,-338.53,405.63,59.962,-219.42,67.357
1935.4,-222.22,376.61,24.33,-303.26,125.12
2230.6,-493.58,435.38,56.38,-242.81,50.248
2003.9,-222.67,381.9,33.786,-306.8,84.457
2240.7,-302.31,447.63,43.108,-336.85,78.92
2164.6,-408.61,475.35,84.35,-242.77,42.162
2505,-260.54,392.35,171.85,-329.79,67.172
2304.1,-410.26,395.06,151.53,-285.68,-3.2724
2553.1,-465.8,370.86,165.05,-230.85,23.544
2528.7,-194.6,423.05,72.464,-408.77,121.54
2190.8,-290.7,490.98,78.293,-288.7,121.08
1968,-260.02,390.5,52.54,-305.7,127.83
2866.5,-331.98,423.32,115.54,-287.51,67.086
2422.5,-316.19,476.46,103.79,-267.4,99.48
1910.4,-340.42,362.79,221.33,-229.48,-14.519
2403.4,-343.82,459.73,99.088,-276.12,81.726
2020.4,-415.55,356.92,146.47,-350.51,37.219
2155.7,-322.3,495.76,28.985,-323.31,100.46
2680.7,-302.03,451.08,91.431,-299.73,41.26
2296.7,-290.15,424.95,-4.8978,-385.9,91.119
1907.1,-128.2,378.62,72.43,-330.29,138.61
2165.1,-345.19,394.46,30.816,-311.88,73.657
2506.7,-285.37,479.47,86.918,-325.07,97.621
1961.3,-333.39,361.97,68.639,-282.87,72.108
2107.8,-288.88,453.58,80.617,-279.91,64.59
2412.1,-394.35,360.84,77.812,-290.37,84.282
1968.1,-126.34,373.65,68.517,-346.15,73.959
2222.6,-350.81,440.33,31.772,-314.58,151.27
2504.4,-276.24,374.69,79.979,-382.1,58.103
2590.9,-428.88,415.79,134.27,-249.42,83.992
2268.4,-146.83,438.06,24.594,-390.28,103.78
2328,-389.36,410.69,55.316,-325.43,40.431
2228.1,-409.22,409.32,30.569,-283.73,87.197
2211.4,-148.56,392.49,66.552,-318.53,127.42
2359.4,-381.54,436.8,96.898,-303.87,94.028
2201.7,-354.32,408.59,60.342,-319.09,179.57
2502.7,-366.99,442.47,68.346,-321.18,91.038
2375.9,-287.59,448.38,31.895,-377.64,63.109
2357.7,-190.58,476.3,115.35,-308.26,111.44
1992.1,-139.08,460.46,39.605,-344.85,62.448
2164.7,-209.52,457.39,80.267,-358.12,64.607
2399.1,-374.69,404.71,67.575,-197.35,30.65
2381.8,-360.48,374.17,35.097,-258.76,25.841
2180.2,-216.65,421.2,9.1346,-325.61,100.34
1927.2,-261.54,454.16,37.054,-263.99,93.963
2005,-339.26,470.03,58.583,-278.81,34.582
2039.2,-387.25,427.47,21.819,-318.25,50.224
2529,-482.24,409.66,94.248,-305.42,95.88
2412.7,-269.97,397.1,37.181,-291.85,65.657
2757.6,-484.2,349.68,90.738,-271.61,28.403
2035,-267.29,421.02,15.621,-271.07,78.228
2691.3,-241.92,405.09,80.51,-302.02,42.882
2548.9,-429.12,411.44,69.286,-360.91,24.059
2301.2,-231.88,495.25,61.036,-383.38,148.47
2378.1,-422.79,396.63,114.64,-269.78,-16.388
2187.4,-367.84,506.22,52.238,-375.66,78.758
2241.1,-532.57,387.62,52.846,-379.04,-0.65514
2085.5,-98.683,413.02,14.38,-373.73,79.807
2124.9,-440.89,442.16,38.93,-323.49,56.43
2176.5,-273.01,482.03,98.299,-355.81,94.47
2204.8,-171.69,519.8,62.107,-348.33,133.63
1992.2,-382.86,465.44,38.562,-328.64,67.697
2031.2,-386.88,473.57,90.203,-386.49,27.285
2277.9,-214.32,454.12,23.149,-298.16,65.381
2410.3,-263.85,450.9,87.486,-395.35,71.07
2566.7,-342.29,454.94,111.98,-338.09,30.369
2447.1,-225.83,423.03,1.7866,-380.61,82.203
2368.5,-107.31,436.48,74.513,-319.75,155.24
2001.9,-315.38,469.55,11.701,-275.09,56.649
2337.2,-365.98,414.82,52.702,-227.64,-6.1172
2416.5,-226.72,538.39,88.723,-388.06,136.16
2238.1,-439.55,442.19,75.937,-291.71,42.351
2261,-256.53,431.45,119.26,-328.51,65.541
2348.4,-198.45,377.81,14.128,-306.91,110
2276.6,-349.66,458.63,14.096,-339.58,117.22
2397.4,-507.92,372.66,105.47,-201.52,35.585
2450.8,-315.59,408.02,61.243,-245.46,91.329
2315.9,-323.87,391.26,86.042,-313.71,68.848
2476.5,-341.98,375.34,125.27,-316.68,77.272
2448.7,-511.7,382.35,99.775,-289.78,8.6014
2543.9,-397.18,374.11,90.902,-326.19,46.76
2600.7,-327.24,411.67,154.25,-190.07,72.591
2250.7,-491.95,428.75,44.779,-314.41,48.149
1886.8,-199.71,433.68,57.358,-264.36,93.415
2792.5,-340.6,434.84,76.705,-288.99,76.809
2208.3,-244.22,321.38,50.965,-293.19,71.16
